ID,No.,Type,Star,Name,Doll ID,Doll,Damage,Accuracy,Evasion,Move Speed,Rate of Fire,Crit.Rate,Crit.Damage,Armor Pen.,Armor,Shield,Damage Amplify,Damage Reduction,Night View,Rounds,Equip Exp,Equip Level,Adjust Count,Locked
17517346,66,Silencer,?????,AC4 Suppressor,130415829,P22,-,-,10,-,-,-,20%,-,-,-,-,-,-,-,10000,10,6,Locked
18225466,16,Night Equip,?????,PEQ-16A,-,-,-,-,-,-,-,-,-,-,-,-,-,-,100%,-,0,0,10,Locked
18284324,72,HP Round,?????,ILM Hollow-Point Ammo,130522360,HS2000,15,-,-,-,-,-,-,-7,-,-,-,-,-,-,10000,10,16,Locked
18322041,58,X-Exo,?????,IOP X4 Exoskeleton,-,-,-,-,20,-,-,-,-,-,-,-,-,-,-,-,10000,10,6,Locked
18361031,4,Optical,?????,VFL 6-24X56,181038761,Defender,-,-,-,-,-,-,48%,-,-,-,-,-,-,-,10000,10,5,Locked
18400386,4,Optical,?????,VFL 6-24X56,-,-,-,-,-,-,-,-,48%,-,-,-,-,-,-,-,10000,10,7,Locked
18527707,8,Holographic,?????,EOT 518,-,-,8,14,-,-,-4,-,-,-,-,-,-,-,-,-,10000,10,14,Locked
18665433,12,Red Dot,?????,ITI MARS,-,-,-,30,-,-,-1,-,-,-,-,-,-,-,-,-,10000,10,6,Locked
18678362,4,Optical,?????,VFL 6-24X56,-,-,-,-,-,-,-,-,48%,-,-,-,-,-,-,-,10000,10,6,Locked
18678366,12,Red Dot,?????,ITI MARS,-,-,-,30,-,-,-1,-,-,-,-,-,-,-,-,-,10000,10,6,Locked
19239019,169,Exclusive,?????,Am RFB Quad Rail,-,-,-,-,-,-,-,18%,48%,-,-,-,-,-,-,-,30000,10,26,Locked
19265920,76,Buckshot Shell,?????,#000 Buckshot,-,-,14,-,-,-,-,21%,-,-,-,-,-,-,-,-,6025,8,16,Locked
19415785,72,HP Round,?????,ILM Hollow-Point Ammo,-,-,15,-,-,-,-,-,-,-7,-,-,-,-,-,-,10000,10,11,Locked
19698065,168,Exclusive,?????,Folding Stock,-,-,-,-,14,-,-,-,13%,-,-,-,-,-,-,-,1,0,1,Locked
19808859,76,Buckshot Shell,?????,#000 Buckshot,-,-,8,-,-,-,-,11%,-,-,-,-,-,-,-,-,0,0,0,Locked
20293178,16,Night Equip,?????,PEQ-16A,-,-,-,-,-,-,-,-,-,-,-,-,-,-,100%,-,1,0,0,Locked
20293179,20,AP Round,?????,Mk211 High-Explosive Armor-Piercing Ammo,-,-,-,-,-,-,-,-,-,180,-,-,-,-,-,-,10000,10,0,Locked
20639447,99,Exclusive,?????,Inherited Case,89413427,M4A1 Mod,20,-,-,-,20,-,-,-,15,-,-,-,-,-,30000,10,6,Locked
20738868,20,AP Round,?????,Mk211 High-Explosive Armor-Piercing Ammo,-,-,-,-,-,-,-,-,-,180,-,-,-,-,-,-,10000,10,12,Locked
20738955,32,HV Round,?????,APCR High-Velocity Ammo,-,-,20,-,-,-,-,-,-,-,-,-,-,-,-,-,10000,10,5,Locked
20825942,44,Armor Plate,?????,Type 3 Armor Plate,-,-,-,-,-2,-,-,-,-,-,11,-,-,-,-,-,10000,10,6,Locked
20954500,80,Slug Shell,?????,SABOT Slug,-,-,-,20,-,-,-,-,-,-,-,-,-,-,-,-,10000,10,8,Locked
21061990,32,HV Round,?????,APCR High-Velocity Ammo,-,-,20,-,-,-,-,-,-,-,-,-,-,-,-,-,10000,10,6,Locked
21075984,66,Silencer,?????,AC4 Suppressor,-,-,-,-,10,-,-,-,20%,-,-,-,-,-,-,-,10000,10,3,Locked
21076008,4,Optical,?????,VFL 6-24X56,-,-,-,-,-,-,-,-,48%,-,-,-,-,-,-,-,10000,10,6,Locked
21076025,12,Red Dot,?????,ITI MARS,-,-,-,12,-,-,-2,-,-,-,-,-,-,-,-,-,0,0,0,Locked
21076117,8,Holographic,?????,EOT 518,-,-,8,14,-,-,-4,-,-,-,-,-,-,-,-,-,10000,10,16,Locked
21114873,32,HV Round,?????,APCR High-Velocity Ammo,-,-,20,-,-,-,-,-,-,-,-,-,-,-,-,-,10000,10,5,Locked
21153737,60,Exclusive,?????,.300BLK High-Velocity Ammo,90041310,ST AR-15 Mod,25,-1,-,-,-,-,-,-,-,-,-,-,-,-,30000,10,16,Locked
21188801,8,Holographic,?????,EOT 518,-,-,8,14,-,-,-4,-,-,-,-,-,-,-,-,-,10000,10,16,Locked
21269598,4,Optical,?????,VFL 6-24X56,-,-,-,-,-,-,-,-,48%,-,-,-,-,-,-,-,10000,10,13,Locked
21278572,90,Camo Cloak,?????,Thermoptic Camouflage Cape,105700415,Type88 Mod,-,-,-,-3,-,25%,-,-,-,-,-,-,-,-,10000,10,6,Locked
21289185,58,X-Exo,?????,IOP X4 Exoskeleton,-,-,-,-,20,-,-,-,-,-,-,-,-,-,-,-,10000,10,6,Locked
21289724,59,Exclusive,?????,National Match-Grade Armor-Piercing Ammo,-,-,-,-,-,-,10,-,-,195,-,-,-,-,-,-,30000,10,23,Locked
21305788,40,T-Exo,?????,IOP T4 Exoskeleton,-,-,-6,-,35,-,-,-,-,-,-,-,-,-,-,-,10000,10,16,Locked
21326687,66,Silencer,?????,AC4 Suppressor,-,-,-,-,10,-,-,-,20%,-,-,-,-,-,-,-,10000,10,8,Locked
21424888,12,Red Dot,?????,ITI MARS,-,-,-,28,-,-,-2,-,-,-,-,-,-,-,-,-,10000,10,1,Locked
21433570,8,Holographic,?????,EOT 518,-,-,8,14,-,-,-4,-,-,-,-,-,-,-,-,-,10000,10,16,Locked
21534746,68,Ammo Box,?????,IOP Maximum Ammo Box,-,-,-,-,-2,-,-,-,-,-,-,-,-,-,-,5,10000,10,6,Locked
21546527,4,Optical,?????,VFL 6-24X56,-,-,-,-,-,-,-,-,48%,-,-,-,-,-,-,-,10000,10,16,Locked
21581900,4,Optical,?????,VFL 6-24X56,-,-,-,-,-,-,-,-,48%,-,-,-,-,-,-,-,10000,10,6,Locked
21635352,44,Armor Plate,?????,Type 3 Armor Plate,-,-,-,-,-2,-,-,-,-,-,11,-,-,-,-,-,10000,10,4,Locked
21657462,16,Night Equip,?????,PEQ-16A,-,-,-,-,-,-,-,-,-,-,-,-,-,-,100%,-,1,0,13,Locked
21744004,16,Night Equip,?????,PEQ-16A,-,-,-,-,-,-,-,-,-,-,-,-,-,-,100%,-,0,0,14,Locked
21744059,66,Silencer,?????,AC4 Suppressor,-,-,-,-,10,-,-,-,20%,-,-,-,-,-,-,-,10000,10,16,Locked
21809659,62,Exclusive,?????,GSG UX Exoskeleton,-,-,-10,-,58,-,-,-,-,-,-,-,-,-,-,-,30000,10,25,Locked
21809751,62,Exclusive,?????,GSG UX Exoskeleton,-,-,-6,-,58,-,-,-,-,-,-,-,-,-,-,-,30000,10,16,Locked
21815923,155,Exclusive,?????,PPK Suppressor,-,-,-,-,18,-,-,-,30%,-,-,-,-,-,-,-,30000,10,16,Locked
21860704,8,Holographic,?????,EOT 518,-,-,7,9,-,-,-5,-,-,-,-,-,-,-,-,-,10000,10,1,Locked
21996205,20,AP Round,?????,Mk211 High-Explosive Armor-Piercing Ammo,-,-,-,-,-,-,-,-,-,180,-,-,-,-,-,-,10000,10,15,Locked
21998353,61,Exclusive,?????,Titan Fire-Control Chip,-,-,-2,-,-,-,-1,-,-,-,-,-,-,-,-,6,30000,10,16,Locked
22078209,127,Exclusive,?????,Hi-Performance Tactical Hair Accessory,-,-,25,10,20,-,-,-,-,-,-,-,-,-,-,-,30000,10,0,Locked
22097766,4,Optical,?????,VFL 6-24X56,-,-,-,-,-,-,-,-,48%,-,-,-,-,-,-,-,10000,10,7,Locked
22129404,66,Silencer,?????,AC4 Suppressor,-,-,-,-,10,-,-,-,20%,-,-,-,-,-,-,-,10000,10,6,Locked
22138143,100,Exclusive,?????,Lightweight Rail Kit,90041310,ST AR-15 Mod,-,10,-,-,-,20%,-,-,-,-,-,-,-,-,30000,10,6,Locked
22227033,44,Armor Plate,?????,Type 3 Armor Plate,-,-,-,-,-2,-,-,-,-,-,11,-,-,-,-,-,10000,10,6,Locked
22304840,12,Red Dot,?????,ITI MARS,-,-,-,26,-,-,-1,-,-,-,-,-,-,-,-,-,10000,10,3,Locked
22306379,8,Holographic,?????,EOT 518,-,-,8,14,-,-,-4,-,-,-,-,-,-,-,-,-,10000,10,16,Locked
22306385,4,Optical,?????,VFL 6-24X56,-,-,-,-,-,-,-,-,48%,-,-,-,-,-,-,-,10000,10,7,Locked
22336677,40,T-Exo,?????,IOP T4 Exoskeleton,-,-,-6,-,35,-,-,-,-,-,-,-,-,-,-,-,10000,10,6,Locked
22382621,12,Red Dot,?????,ITI MARS,-,-,-,23,-,-,-2,-,-,-,-,-,-,-,-,-,8975,9,0,Locked
22429332,175,Exclusive,?????,BPR4 & SRM6,-,-,6,-,10,-,-,-,48%,-,-,-,-,-,-,-,30000,10,16,Locked
22439379,4,Optical,?????,VFL 6-24X56,-,-,-,-,-,-,-,-,48%,-,-,-,-,-,-,-,10000,10,8,Locked
22514890,66,Silencer,?????,AC4 Suppressor,128650011,PA-15,-,-,10,-,-,-,20%,-,-,-,-,-,-,-,10000,10,6,Locked
22604468,58,X-Exo,?????,IOP X4 Exoskeleton,-,-,-,-,20,-,-,-,-,-,-,-,-,-,-,-,10000,10,9,Locked
22660943,90,Camo Cloak,?????,Thermoptic Camouflage Cape,98267171,NTW-20 Mod,-,-,-,-3,-,25%,-,-,-,-,-,-,-,-,10000,10,2,Locked
22755230,8,Holographic,?????,EOT 518,-,-,6,11,-,-,-6,-,-,-,-,-,-,-,-,-,10000,10,1,Locked
22781212,4,Optical,?????,VFL 6-24X56,-,-,-,-,-,-,-,-,48%,-,-,-,-,-,-,-,10000,10,11,Locked
22807573,76,Buckshot Shell,?????,#000 Buckshot,-,-,7,-,-,-,-,12%,-,-,-,-,-,-,-,-,1,0,0,Locked
22810884,80,Slug Shell,?????,SABOT Slug,-,-,-,10,-,-,-,-,-,-,-,-,-,-,-,-,0,0,0,Locked
22893916,8,Holographic,?????,EOT 518,165154921,Vector,8,14,-,-,-4,-,-,-,-,-,-,-,-,-,10000,10,16,Locked
23054859,8,Holographic,?????,EOT 518,-,-,8,14,-,-,-4,-,-,-,-,-,-,-,-,-,10000,10,16,Locked
23110506,76,Buckshot Shell,?????,#000 Buckshot,-,-,8,-,-,-,-,11%,-,-,-,-,-,-,-,-,0,0,0,Locked
23117135,12,Red Dot,?????,ITI MARS,-,-,-,23,-,-,-1,-,-,-,-,-,-,-,-,-,10000,10,0,Locked
23117168,8,Holographic,?????,EOT 518,-,-,6,11,-,-,-5,-,-,-,-,-,-,-,-,-,10000,10,0,Locked
23172454,117,Exclusive,?????,Glorylight,-,-,-,-,-,-,-,-,-,-,-,-,-,-,100%,-,1,0,0,Locked
23196916,118,Exclusive,?????,Black Cat,-,-,-,-,-,-,-,-,-,-,-,-,-,-,100%,-,1,0,0,Locked
23235532,20,AP Round,?????,Mk211 High-Explosive Armor-Piercing Ammo,-,-,-,-,-,-,-,-,-,180,-,-,-,-,-,-,10000,10,16,Locked
23244473,126,Exclusive,?????,Dinergate RO,-,-,12,14,-,-,-2,-,-,-,-,-,-,-,-,-,30000,10,26,Locked
23284364,20,AP Round,?????,Mk211 High-Explosive Armor-Piercing Ammo,-,-,-,-,-,-,-,-,-,180,-,-,-,-,-,-,10000,10,7,Locked
23335469,80,Slug Shell,?????,SABOT Slug,-,-,-,8,-,-,-,-,-,-,-,-,-,-,-,-,0,0,0,Locked
23418412,32,HV Round,?????,APCR High-Velocity Ammo,-,-,20,-,-,-,-,-,-,-,-,-,-,-,-,-,10000,10,1,Locked
23418477,72,HP Round,?????,ILM Hollow-Point Ammo,-,-,15,-,-,-,-,-,-,-7,-,-,-,-,-,-,10000,10,6,Locked
23455190,44,Armor Plate,?????,Type 3 Armor Plate,-,-,-,-,-2,-,-,-,-,-,9,-,-,-,-,-,10000,10,0,Locked
23482478,20,AP Round,?????,Mk211 High-Explosive Armor-Piercing Ammo,-,-,-,-,-,-,-,-,-,180,-,-,-,-,-,-,10000,10,10,Locked
23483319,80,Slug Shell,?????,SABOT Slug,-,-,-,8,-,-,-,-,-,-,-,-,-,-,-,-,0,0,0,Locked
23500625,76,Buckshot Shell,?????,#000 Buckshot,-,-,8,-,-,-,-,11%,-,-,-,-,-,-,-,-,0,0,0,Locked
23503643,72,HP Round,?????,ILM Hollow-Point Ammo,-,-,15,-,-,-,-,-,-,-7,-,-,-,-,-,-,10000,10,16,Locked
23503831,44,Armor Plate,?????,Type 3 Armor Plate,-,-,-,-,-2,-,-,-,-,-,11,-,-,-,-,-,10000,10,5,Locked
23646900,66,Silencer,?????,AC4 Suppressor,161816245,Webley,-,-,10,-,-,-,20%,-,-,-,-,-,-,-,10000,10,6,Locked
23648291,8,Holographic,?????,EOT 518,-,-,5,10,-,-,-5,-,-,-,-,-,-,-,-,-,10000,10,0,Locked
23744267,80,Slug Shell,?????,SABOT Slug,-,-,-,10,-,-,-,-,-,-,-,-,-,-,-,-,0,0,0,Locked
23849159,32,HV Round,?????,APCR High-Velocity Ammo,-,-,20,-,-,-,-,-,-,-,-,-,-,-,-,-,10000,10,4,Locked
24049915,32,HV Round,?????,APCR High-Velocity Ammo,-,-,20,-,-,-,-,-,-,-,-,-,-,-,-,-,10000,10,7,Locked
24176985,68,Ammo Box,?????,IOP Maximum Ammo Box,-,-,-,-,-2,-,-,-,-,-,-,-,-,-,-,5,10000,10,6,Locked
24198349,72,HP Round,?????,ILM Hollow-Point Ammo,-,-,15,-,-,-,-,-,-,-7,-,-,-,-,-,-,10000,10,6,Locked
24222859,76,Buckshot Shell,?????,#000 Buckshot,-,-,7,-,-,-,-,10%,-,-,-,-,-,-,-,-,1,0,0,Locked
24271560,4,Optical,?????,VFL 6-24X56,-,-,-,-,-,-,-,-,48%,-,-,-,-,-,-,-,10000,10,9,Locked
24295131,8,Holographic,?????,EOT 518,-,-,4,7,-,-,-4,-,-,-,-,-,-,-,-,-,0,0,0,Locked
24351804,4,Optical,?????,VFL 6-24X56,-,-,-,-,-,-,-,-,48%,-,-,-,-,-,-,-,10000,10,15,Locked
24403135,40,T-Exo,?????,IOP T4 Exoskeleton,-,-,-6,-,35,-,-,-,-,-,-,-,-,-,-,-,10000,10,6,Locked
24544090,91,Exclusive,?????,Special Warfare Mobile Suit,-,-,-,-20,10,-,-10,-,-,-,20,-,-,-,-,-,30000,10,0,Locked
24597985,16,Night Equip,?????,PEQ-16A,-,-,-,-,-,-,-,-,-,-,-,-,-,-,100%,-,1,0,13,Locked
24701524,90,Camo Cloak,?????,Thermoptic Camouflage Cape,-,-,-,-,-,-3,-,25%,-,-,-,-,-,-,-,-,10000,10,8,Locked
24828827,4,Optical,?????,VFL 6-24X56,-,-,-,-,-,-,-,-,48%,-,-,-,-,-,-,-,10000,10,6,Locked
24851993,12,Red Dot,?????,ITI MARS,-,-,-,13,-,-,-2,-,-,-,-,-,-,-,-,-,0,0,0,Locked
24851994,4,Optical,?????,VFL 6-24X56,-,-,-,-,-,-,-,-,48%,-,-,-,-,-,-,-,10000,10,4,Locked
24874731,76,Buckshot Shell,?????,#000 Buckshot,-,-,8,-,-,-,-,12%,-,-,-,-,-,-,-,-,0,0,2,Locked
24958628,44,Armor Plate,?????,Type 3 Armor Plate,-,-,-,-,-2,-,-,-,-,-,11,-,-,-,-,-,10000,10,6,Locked
24962956,20,AP Round,?????,Mk211 High-Explosive Armor-Piercing Ammo,-,-,-,-,-,-,-,-,-,180,-,-,-,-,-,-,10000,10,18,Locked
24963611,80,Slug Shell,?????,SABOT Slug,-,-,-,20,-,-,-,-,-,-,-,-,-,-,-,-,10000,10,4,Locked
24980714,32,HV Round,?????,APCR High-Velocity Ammo,-,-,20,-,-,-,-,-,-,-,-,-,-,-,-,-,10000,10,3,Locked
25005470,8,Holographic,?????,EOT 518,-,-,4,7,-,-,-4,-,-,-,-,-,-,-,-,-,0,0,0,Locked
25005471,4,Optical,?????,VFL 6-24X56,-,-,-,-,-,-,-,-,48%,-,-,-,-,-,-,-,10000,10,12,Locked
25017897,12,Red Dot,?????,ITI MARS,-,-,-,12,-,-,-2,-,-,-,-,-,-,-,-,-,0,0,0,Locked
25085583,40,T-Exo,?????,IOP T4 Exoskeleton,-,-,-6,-,35,-,-,-,-,-,-,-,-,-,-,-,10000,10,6,Locked
25202461,8,Holographic,?????,EOT 518,-,-,4,7,-,-,-4,-,-,-,-,-,-,-,-,-,0,0,0,Locked
25225818,4,Optical,?????,VFL 6-24X56,147949376,Kord,-,-,-,-,-,-,48%,-,-,-,-,-,-,-,10000,10,10,Locked
25368485,32,HV Round,?????,APCR High-Velocity Ammo,-,-,20,-,-,-,-,-,-,-,-,-,-,-,-,-,10000,10,5,Locked
25375736,129,Exclusive,?????,M2 Bipod,89261929,M14 Mod,-,10,-,-,-,-,48%,-,-,-,-,-,-,-,30000,10,16,Locked
25377110,4,Optical,?????,VFL 6-24X56,89413427,M4A1 Mod,-,-,-,-,-,-,48%,-,-,-,-,-,-,-,10000,10,10,Locked
25378501,40,T-Exo,?????,IOP T4 Exoskeleton,-,-,-6,-,35,-,-,-,-,-,-,-,-,-,-,-,10000,10,10,Locked
25404946,4,Optical,?????,VFL 6-24X56,95214253,AN-94,-,-,-,-,-,-,48%,-,-,-,-,-,-,-,10000,10,14,Locked
25415132,40,T-Exo,?????,IOP T4 Exoskeleton,-,-,-6,-,35,-,-,-,-,-,-,-,-,-,-,-,10000,10,6,Locked
25426571,8,Holographic,?????,EOT 518,-,-,5,7,-,-,-4,-,-,-,-,-,-,-,-,-,0,0,0,Locked
25614540,86,Exclusive,?????,Hayha Memory Chip,91391114,Mosin-Nagant Mod,30,-,5,-,-,30%,-,-,-,-,-,-,-,-,30000,10,16,Locked
25752241,66,Silencer,?????,AC4 Suppressor,-,-,-,-,10,-,-,-,20%,-,-,-,-,-,-,-,10000,10,6,Locked
25752269,4,Optical,?????,VFL 6-24X56,-,-,-,-,-,-,-,-,48%,-,-,-,-,-,-,-,10000,10,12,Locked
25765636,90,Camo Cloak,?????,Thermoptic Camouflage Cape,-,-,-,-,-,-3,-,25%,-,-,-,-,-,-,-,-,10000,10,6,Locked
25856610,4,Optical,?????,VFL 6-24X56,90605914,M1918 Mod,-,-,-,-,-,-,48%,-,-,-,-,-,-,-,10000,10,19,Locked
25894965,66,Silencer,?????,AC4 Suppressor,-,-,-,-,10,-,-,-,20%,-,-,-,-,-,-,-,10000,10,6,Locked
25895001,66,Silencer,?????,AC4 Suppressor,-,-,-,-,10,-,-,-,20%,-,-,-,-,-,-,-,10000,10,16,Locked
25978393,44,Armor Plate,?????,Type 3 Armor Plate,-,-,-,-,-2,-,-,-,-,-,11,-,-,-,-,-,10000,10,6,Locked
26111658,66,Silencer,?????,AC4 Suppressor,-,-,-,-,7,-,-,-,17%,-,-,-,-,-,-,-,10000,10,0,Locked
26129767,58,X-Exo,?????,IOP X4 Exoskeleton,147319543,Desert Eagle,-,-,20,-,-,-,-,-,-,-,-,-,-,-,10000,10,6,Locked
26155014,132,Exclusive,?????,Gr MG4 MGO,-,-,-,36,-,-,-1,-,35%,-,-,-,-,-,-,-,30000,10,0,Locked
26156626,68,Ammo Box,?????,IOP Maximum Ammo Box,-,-,-,-,-2,-,-,-,-,-,-,-,-,-,-,5,10000,10,6,Locked
26157647,44,Armor Plate,?????,Type 3 Armor Plate,-,-,-,-,-2,-,-,-,-,-,6,-,-,-,-,-,0,0,0,Locked
26159759,76,Buckshot Shell,?????,#000 Buckshot,-,-,7,-,-,-,-,12%,-,-,-,-,-,-,-,-,1,0,0,Locked
26160758,122,Exclusive,?????,SAA Long Barrel,-,-,3,-,10,-,-,-,20%,-,-,-,-,-,-,-,30000,10,16,Locked
26181261,4,Optical,?????,VFL 6-24X56,-,-,-,-,-,-,-,-,48%,-,-,-,-,-,-,-,10000,10,9,Locked
26208256,170,Exclusive,?????,20mm HEI,98267171,NTW-20 Mod,10,-,-,-,-,-,-,180,-,-,-,-,-,-,30000,10,5,Locked
26224394,66,Silencer,?????,AC4 Suppressor,-,-,-,-,9,-,-,-,16%,-,-,-,-,-,-,-,10000,10,0,Locked
26294406,68,Ammo Box,?????,IOP Maximum Ammo Box,-,-,-,-,-2,-,-,-,-,-,-,-,-,-,-,5,10000,10,5,Locked
26304941,66,Silencer,?????,AC4 Suppressor,-,-,-,-,7,-,-,-,17%,-,-,-,-,-,-,-,10000,10,0,Locked
26368713,182,Exclusive,?????,S&B762,-,-,25,-,-,-,-4,-,-,-,-,-,-,-,-,-,30000,10,2,Locked
26381591,8,Holographic,?????,EOT 518,-,-,4,8,-,-,-5,-,-,-,-,-,-,-,-,-,0,0,0,Locked
26491135,161,Exclusive,?????,Advanced Infantry Sight,-,-,5,-,-,-,-,-,48%,-,-,-,-,-,-,-,30000,10,6,Locked
26612886,72,HP Round,?????,ILM Hollow-Point Ammo,-,-,15,-,-,-,-,-,-,-7,-,-,-,-,-,-,10000,10,6,Locked
26616284,32,HV Round,?????,APCR High-Velocity Ammo,-,-,20,-,-,-,-,-,-,-,-,-,-,-,-,-,10000,10,6,Locked
26662829,80,Slug Shell,?????,SABOT Slug,-,-,-,16,-,-,-,-,-,-,-,-,-,-,-,-,10000,10,0,Locked
26665913,72,HP Round,?????,ILM Hollow-Point Ammo,161816245,Webley,15,-,-,-,-,-,-,-7,-,-,-,-,-,-,10000,10,16,Locked
26665968,20,AP Round,?????,Mk211 High-Explosive Armor-Piercing Ammo,-,-,-,-,-,-,-,-,-,180,-,-,-,-,-,-,10000,10,11,Locked
26722858,66,Silencer,?????,AC4 Suppressor,-,-,-,-,7,-,-,-,16%,-,-,-,-,-,-,-,10000,10,0,Locked
26758054,133,Exclusive,?????,Stechkin Buttstock,-,-,-,1,6,-,-,-,12%,-,-,-,-,-,-,-,0,0,0,Locked
26877099,44,Armor Plate,?????,Type 3 Armor Plate,-,-,-,-,-2,-,-,-,-,-,11,-,-,-,-,-,10000,10,6,Locked
26905680,4,Optical,?????,VFL 6-24X56,-,-,-,-,-,-,-,-,48%,-,-,-,-,-,-,-,10000,10,7,Locked
26939465,58,X-Exo,?????,IOP X4 Exoskeleton,-,-,-,-,20,-,-,-,-,-,-,-,-,-,-,-,10000,10,4,Locked
26969078,72,HP Round,?????,ILM Hollow-Point Ammo,128650011,PA-15,15,-,-,-,-,-,-,-7,-,-,-,-,-,-,10000,10,6,Locked
26999302,58,X-Exo,?????,IOP X4 Exoskeleton,-,-,-,-,20,-,-,-,-,-,-,-,-,-,-,-,10000,10,5,Locked
27004443,179,Exclusive,?????,WML & Tactical Handguard,-,-,-,-,20,-,-,-,20%,-,-,-,-,-,-,-,30000,10,16,Locked
27248071,134,Exclusive,?????,MPL M21,90361470,Micro Uzi Mod,10,36,-,-,-1,-,-,-,-,-,-,-,-,-,30000,10,16,Locked
27325694,80,Slug Shell,?????,SABOT Slug,-,-,-,20,-,-,-,-,-,-,-,-,-,-,-,-,10000,10,12,Locked
27328786,72,HP Round,?????,ILM Hollow-Point Ammo,136560266,Python,15,-,-,-,-,-,-,-7,-,-,-,-,-,-,10000,10,6,Locked
27329801,66,Silencer,?????,AC4 Suppressor,-,-,-,-,7,-,-,-,16%,-,-,-,-,-,-,-,10000,10,0,Locked
27338296,32,HV Round,?????,APCR High-Velocity Ammo,-,-,20,-,-,-,-,-,-,-,-,-,-,-,-,-,10000,10,4,Locked
27338471,44,Armor Plate,?????,Type 3 Armor Plate,-,-,-,-,-2,-,-,-,-,-,11,-,-,-,-,-,10000,10,6,Locked
27338716,44,Armor Plate,?????,Type 3 Armor Plate,-,-,-,-,-2,-,-,-,-,-,11,-,-,-,-,-,10000,10,6,Locked
27341800,20,AP Round,?????,Mk211 High-Explosive Armor-Piercing Ammo,-,-,-,-,-,-,-,-,-,180,-,-,-,-,-,-,10000,10,6,Locked
27344454,20,AP Round,?????,Mk211 High-Explosive Armor-Piercing Ammo,-,-,-,-,-,-,-,-,-,180,-,-,-,-,-,-,10000,10,9,Locked
27366225,44,Armor Plate,?????,Type 3 Armor Plate,-,-,-,-,-2,-,-,-,-,-,6,-,-,-,-,-,0,0,0,Locked
27386155,40,T-Exo,?????,IOP T4 Exoskeleton,-,-,-6,-,35,-,-,-,-,-,-,-,-,-,-,-,10000,10,16,Locked
27470083,66,Silencer,?????,AC4 Suppressor,-,-,-,-,6,-,-,-,12%,-,-,-,-,-,-,-,0,0,0,Locked
27470084,8,Holographic,?????,EOT 518,-,-,6,11,-,-,-4,-,-,-,-,-,-,-,-,-,8100,9,0,Locked
27470085,90,Camo Cloak,?????,Thermoptic Camouflage Cape,-,-,-,-,-,-3,-,25%,-,-,-,-,-,-,-,-,10000,10,6,Locked
27470086,8,Holographic,?????,EOT 518,-,-,4,6,-,-,-5,-,-,-,-,-,-,-,-,-,0,0,0,Locked
27472329,4,Optical,?????,VFL 6-24X56,-,-,-,-,-,-,-,-,48%,-,-,-,-,-,-,-,10000,10,4,Locked
27543895,8,Holographic,?????,EOT 518,-,-,4,7,-,-,-5,-,-,-,-,-,-,-,-,-,0,0,0,Locked
27552779,8,Holographic,?????,EOT 518,-,-,4,6,-,-,-5,-,-,-,-,-,-,-,-,-,1,0,0,Locked
27671131,4,Optical,?????,VFL 6-24X56,-,-,-,-,-,-,-,-,48%,-,-,-,-,-,-,-,10000,10,6,Locked
27694991,90,Camo Cloak,?????,Thermoptic Camouflage Cape,-,-,-,-,-,-3,-,25%,-,-,-,-,-,-,-,-,10000,10,3,Locked
27789115,8,Holographic,?????,EOT 518,-,-,4,7,-,-,-5,-,-,-,-,-,-,-,-,-,0,0,0,Locked
27797514,4,Optical,?????,VFL 6-24X56,95155182,Gr G11 Mod,-,-,-,-,-,-,48%,-,-,-,-,-,-,-,10000,10,5,Locked
27823692,4,Optical,?????,VFL 6-24X56,-,-,-,-,-,-,-,-,20%,-,-,-,-,-,-,-,0,0,0,Locked
27967207,183,Exclusive,?????,Duelling Cards,-,-,-,-,-,-3,-,45%,-,-,-,-,-,-,-,-,30000,10,13,Locked
28116854,187,Exclusive,?????,Antique Kaleidoscope,-,-,-,5,10,-,-,-,25%,-,-,-,-,-,-,-,30000,10,16,Locked
28116857,188,Exclusive,?????,Meteorite,-,-,3,1,-,-,-,-,18%,-,-,-,-,-,-,-,1,0,0,Locked
28116860,185,Exclusive,?????,Spectacles,-,-,3,1,-,-,-,-,20%,-,-,-,-,-,-,-,1,0,0,Locked
28116863,189,Exclusive,?????,Wristwatch,-,-,4,1,-,-,-,-,18%,-,-,-,-,-,-,-,1,0,0,Locked
28116867,186,Exclusive,?????,Bayonet,-,-,8,-,-,-,-,11%,11%,-,-,-,-,-,-,-,1,0,0,Locked
28116873,184,Exclusive,?????,Fairy Tale Picture Books,-,-,15,-,20,-,-,-,-,-,-,-,-,-,-,-,30000,10,8,Locked
28139839,44,Armor Plate,?????,Type 3 Armor Plate,181038761,Defender,-,-,-2,-,-,-,-,-,11,-,-,-,-,-,10000,10,6,Locked
28139841,40,T-Exo,?????,IOP T4 Exoskeleton,-,-,-6,-,35,-,-,-,-,-,-,-,-,-,-,-,10000,10,6,Locked
28223442,68,Ammo Box,?????,IOP Maximum Ammo Box,-,-,-,-,-2,-,-,-,-,-,-,-,-,-,-,5,10000,10,6,Locked
28249800,12,Red Dot,?????,ITI MARS,-,-,-,15,-,-,-2,-,-,-,-,-,-,-,-,-,676,2,0,Locked
28262548,40,T-Exo,?????,IOP T4 Exoskeleton,-,-,-6,-,35,-,-,-,-,-,-,-,-,-,-,-,10000,10,8,Locked
28278638,4,Optical,?????,VFL 6-24X56,121173906,PKP,-,-,-,-,-,-,48%,-,-,-,-,-,-,-,10000,10,9,Locked
28287576,135,Exclusive,?????,SP6 Subsonic Ammo,89536698,AS Val Mod,24,-,-,-,-,-,-,-,-,-,-,-,-,-,30000,10,5,Locked
28346401,101,Exclusive,?????,XM261 ACP,89108029,M1911 Mod,17,-,-,-,-,-,-,-7,-,-,-,-,-,-,30000,10,6,Locked
28359698,110,HV Round,?????,16Lab High-Velocity Ammo,-,-,20,-,-,-,-,-,-,-,-,-,-,-,-,-,10000,10,0,Locked
28394338,8,Holographic,?????,EOT 518,-,-,4,6,-,-,-5,-,-,-,-,-,-,-,-,-,0,0,0,Locked
28414184,66,Silencer,?????,AC4 Suppressor,-,-,-,-,6,-,-,-,12%,-,-,-,-,-,-,-,0,0,0,Locked
28417806,8,Holographic,?????,EOT 518,-,-,4,7,-,-,-5,-,-,-,-,-,-,-,-,-,0,0,0,Locked
28417808,8,Holographic,?????,EOT 518,-,-,5,11,-,-,-5,-,-,-,-,-,-,-,-,-,6300,8,0,Locked
28433245,58,X-Exo,?????,IOP X4 Exoskeleton,136560266,Python,-,-,20,-,-,-,-,-,-,-,-,-,-,-,10000,10,2,Locked
28462913,95,HP Round,?????,16Lab Hollow-Point,147319543,Desert Eagle,15,-,-,-,-,-,-,-7,-,-,-,-,-,-,10000,10,0,Locked
28631147,16,Night Equip,?????,PEQ-16A,-,-,-,-,-,-,-,-,-,-,-,-,-,-,100%,-,0,0,6,Locked
28747936,4,Optical,?????,VFL 6-24X56,98267171,NTW-20 Mod,-,-,-,-,-,-,48%,-,-,-,-,-,-,-,10000,10,7,Locked
28805185,16,Night Equip,?????,PEQ-16A,-,-,-,-,-,-,-,-,-,-,-,-,-,-,100%,-,0,0,10,Locked
28812122,4,Optical,?????,VFL 6-24X56,-,-,-,-,-,-,-,-,48%,-,-,-,-,-,-,-,10000,10,11,Locked
28840289,90,Camo Cloak,?????,Thermoptic Camouflage Cape,-,-,-,-,-,-3,-,25%,-,-,-,-,-,-,-,-,10000,10,7,Locked
28844041,32,HV Round,?????,APCR High-Velocity Ammo,-,-,20,-,-,-,-,-,-,-,-,-,-,-,-,-,10000,10,6,Locked
28904923,8,Holographic,?????,EOT 518,-,-,4,7,-,-,-5,-,-,-,-,-,-,-,-,-,0,0,0,Locked
28941407,16,Night Equip,?????,PEQ-16A,-,-,-,-,-,-,-,-,-,-,-,-,-,-,100%,-,0,0,8,Locked
29014153,16,Night Equip,?????,PEQ-16A,-,-,-,-,-,-,-,-,-,-,-,-,-,-,100%,-,0,0,8,Locked
29128309,80,Slug Shell,?????,SABOT Slug,-,-,-,20,-,-,-,-,-,-,-,-,-,-,-,-,10000,10,5,Locked
29193634,8,Holographic,?????,EOT 518,-,-,4,8,-,-,-5,-,-,-,-,-,-,-,-,-,0,0,0,Locked
29194464,16,Night Equip,?????,PEQ-16A,-,-,-,-,-,-,-,-,-,-,-,-,-,-,100%,-,0,0,7,Locked
29231195,113,Exclusive,?????,M1895 Suppressor,89081046,M1895 Mod,-,4,14,-,-,-,20%,-,-,-,-,-,-,-,30000,10,16,Locked
29371668,160,Exclusive,?????,No32 MKI,-,-,-,-,-,-,4,-,48%,-,-,-,-,-,-,-,30000,10,0,Locked
29438917,44,Armor Plate,?????,Type 3 Armor Plate,-,-,-,-,-2,-,-,-,-,-,6,-,-,-,-,-,0,0,0,Locked
29458838,66,Silencer,?????,AC4 Suppressor,-,-,-,-,10,-,-,-,20%,-,-,-,-,-,-,-,10000,10,8,Locked
29555613,4,Optical,?????,VFL 6-24X56,-,-,-,-,-,-,-,-,48%,-,-,-,-,-,-,-,10000,10,16,Locked
29572406,40,T-Exo,?????,IOP T4 Exoskeleton,-,-,-6,-,35,-,-,-,-,-,-,-,-,-,-,-,10000,10,6,Locked
29626022,168,Exclusive,?????,Folding Stock,-,-,-,-,12,-,-,-,13%,-,-,-,-,-,-,-,1,0,0,Locked
29626060,68,Ammo Box,?????,IOP Maximum Ammo Box,-,-,-,-,-2,-,-,-,-,-,-,-,-,-,-,4,10000,10,0,Locked
29640932,20,AP Round,?????,Mk211 High-Explosive Armor-Piercing Ammo,-,-,-,-,-,-,-,-,-,180,-,-,-,-,-,-,10000,10,20,Locked
29642126,169,Exclusive,?????,Am RFB Quad Rail,-,-,-,-,-,-,-,8%,20%,-,-,-,-,-,-,-,1,0,0,Locked
29743728,8,Holographic,?????,EOT 518,177875706,Vector,8,14,-,-,-4,-,-,-,-,-,-,-,-,-,10000,10,16,Locked
29743735,16,Night Equip,?????,PEQ-16A,-,-,-,-,-,-,-,-,-,-,-,-,-,-,100%,-,0,0,19,Locked
29832066,20,AP Round,?????,Mk211 High-Explosive Armor-Piercing Ammo,-,-,-,-,-,-,-,-,-,180,-,-,-,-,-,-,10000,10,12,Locked
29832241,20,AP Round,?????,Mk211 High-Explosive Armor-Piercing Ammo,91391114,Mosin-Nagant Mod,-,-,-,-,-,-,-,180,-,-,-,-,-,-,10000,10,10,Locked
29838691,68,Ammo Box,?????,IOP Maximum Ammo Box,147949376,Kord,-,-,-2,-,-,-,-,-,-,-,-,-,-,5,10000,10,6,Locked
29866733,111,Exclusive,?????,K6-24X56,91391114,Mosin-Nagant Mod,-,6,-,-,-,-,50%,-,-,-,-,-,-,-,30000,10,6,Locked
29892920,158,Exclusive,?????,Acceleration Coil,140092305,Type88 Mod,5,-,-,-,-,-,50%,-,-,-,-,-,-,-,30000,10,12,Locked
29905782,66,Silencer,?????,AC4 Suppressor,-,-,-,-,6,-,-,-,12%,-,-,-,-,-,-,-,1,0,0,Locked
29989802,159,Exclusive,?????,Tactical Headwear,89748707,416 Mod,25,-,20,-,-,10%,-,-,-,-,-,-,-,-,30000,10,16,Locked
30006157,44,Armor Plate,?????,Type 3 Armor Plate,-,-,-,-,-2,-,-,-,-,-,11,-,-,-,-,-,10000,10,2,Locked
30106775,201,Exclusive,?????,Go-Bag "V",-,-,-6,-,35,-,-,-,-,-,-,-,-,-,-,-,10000,10,0,Locked
30106782,204,Exclusive,?????,416's Go-Bag,-,-,-,-,20,-,-,-,-,-,-,-,-,-,-,-,10000,10,0,Locked
30107734,200,Exclusive,?????,.45 Hollow Point Ammo (Incendiary),-,-,15,-,-,-,-,-,-,-7,-,-,-,-,-,-,10000,10,0,Locked
30108348,133,Exclusive,?????,Stechkin Buttstock,-,-,-,4,10,-,-,-,20%,-,-,-,-,-,-,-,30000,10,6,Locked
30137289,202,Exclusive,?????,ACOG (4X),-,-,-,-,-,-,-,-,48%,-,-,-,-,-,-,-,10000,10,0,Locked
30137310,203,Exclusive,?????,556 High-Velocity Ammo (Explosive),-,-,20,-,-,-,-,-,-,-,-,-,-,-,-,-,10000,10,0,Locked
30164034,199,Exclusive,?????,Osprey 45 Silencer,-,-,-,-,10,-,-,-,20%,-,-,-,-,-,-,-,10000,10,0,Locked
30204764,16,Night Equip,?????,PEQ-16A,-,-,-,-,-,-,-,-,-,-,-,-,-,-,100%,-,0,0,13,Locked
30391312,159,Exclusive,?????,Tactical Headwear,151934555,416 Mod,25,-,20,-,-,10%,-,-,-,-,-,-,-,-,30000,10,6,Locked
30405439,90,Camo Cloak,?????,Thermoptic Camouflage Cape,-,-,-,-,-,-3,-,25%,-,-,-,-,-,-,-,-,10000,10,1,Locked
30445031,80,Slug Shell,?????,SABOT Slug,-,-,-,20,-,-,-,-,-,-,-,-,-,-,-,-,10000,10,1,Locked
30542358,90,Camo Cloak,?????,Thermoptic Camouflage Cape,-,-,-,-,-,-3,-,25%,-,-,-,-,-,-,-,-,10000,10,11,Locked
30597878,114,Exclusive,?????,MP446C Match Barrel,89107440,MP-446 Mod,-,8,10,-,-,-,20%,-,-,-,-,-,-,-,30000,10,16,Locked
30613131,90,Camo Cloak,?????,Thermoptic Camouflage Cape,-,-,-,-,-,-3,-,25%,-,-,-,-,-,-,-,-,10000,10,5,Locked
30630055,90,Camo Cloak,?????,Thermoptic Camouflage Cape,-,-,-,-,-,-3,-,25%,-,-,-,-,-,-,-,-,10000,10,2,Locked
30740139,4,Optical,?????,VFL 6-24X56,-,-,-,-,-,-,-,-,19%,-,-,-,-,-,-,-,0,0,0,Locked
30751341,4,Optical,?????,VFL 6-24X56,-,-,-,-,-,-,-,-,20%,-,-,-,-,-,-,-,0,0,0,Locked
30840088,68,Ammo Box,?????,IOP Maximum Ammo Box,121173906,PKP,-,-,-2,-,-,-,-,-,-,-,-,-,-,5,10000,10,6,Locked
30861605,90,Camo Cloak,?????,Thermoptic Camouflage Cape,-,-,-,-,-,-3,-,25%,-,-,-,-,-,-,-,-,10000,10,2,Locked
30904016,4,Optical,?????,VFL 6-24X56,-,-,-,-,-,-,-,-,19%,-,-,-,-,-,-,-,0,0,0,Locked
30916996,178,Exclusive,?????,12.7mm 1SL,145142891,KSVK Mod,10,-,-,-,-,-,-,180,-,-,-,-,-,-,30000,10,16,Locked
30929515,58,X-Exo,?????,IOP X4 Exoskeleton,111977698,Python,-,-,20,-,-,-,-,-,-,-,-,-,-,-,10000,10,3,Locked
30990075,157,Exclusive,?????,LED Weapon Light,-,-,10,15,15,-,-,-,-,-,-,-,-,-,-,-,30000,10,16,Locked
30990083,131,Exclusive,?????,MGO 6X48,-,-,2,34,-,-,-,-,30%,-,-,-,-,-,-,-,30000,10,1,Locked
31016735,4,Optical,?????,VFL 6-24X56,-,-,-,-,-,-,-,-,20%,-,-,-,-,-,-,-,0,0,0,Locked
31053586,80,Slug Shell,?????,SABOT Slug,-,-,-,8,-,-,-,-,-,-,-,-,-,-,-,-,1,0,0,Locked
31057032,4,Optical,?????,VFL 6-24X56,-,-,-,-,-,-,-,-,19%,-,-,-,-,-,-,-,0,0,0,Locked
31060808,44,Armor Plate,?????,Type 3 Armor Plate,-,-,-,-,-2,-,-,-,-,-,6,-,-,-,-,-,1,0,0,
31072043,20,AP Round,?????,Mk211 High-Explosive Armor-Piercing Ammo,-,-,-,-,-,-,-,-,-,180,-,-,-,-,-,-,10000,10,8,Locked
31088568,4,Optical,?????,VFL 6-24X56,-,-,-,-,-,-,-,-,19%,-,-,-,-,-,-,-,0,0,0,Locked
31120670,175,Exclusive,?????,BPR4 & SRM6,-,-,2,-,7,-,-,-,18%,-,-,-,-,-,-,-,1,0,0,Locked
31209015,112,Exclusive,?????,CT 4X20,-,-,-,15,-,-,-1,-,15%,-,-,-,-,-,-,-,1,0,7,Locked
31209927,40,T-Exo,?????,IOP T4 Exoskeleton,-,-,-6,-,35,-,-,-,-,-,-,-,-,-,-,-,10000,10,16,Locked
31222211,66,Silencer,?????,AC4 Suppressor,-,-,-,-,6,-,-,-,12%,-,-,-,-,-,-,-,0,0,0,Locked
31287738,68,Ammo Box,?????,IOP Maximum Ammo Box,-,-,-,-,-2,-,-,-,-,-,-,-,-,-,-,2,0,0,0,Locked
31392370,32,HV Round,?????,APCR High-Velocity Ammo,-,-,20,-,-,-,-,-,-,-,-,-,-,-,-,-,10000,10,5,Locked
31402164,68,Ammo Box,?????,IOP Maximum Ammo Box,90605914,M1918 Mod,-,-,-2,-,-,-,-,-,-,-,-,-,-,5,10000,10,2,Locked
31434919,58,X-Exo,?????,IOP X4 Exoskeleton,130522360,HS2000,-,-,20,-,-,-,-,-,-,-,-,-,-,-,10000,10,1,Locked
31451485,20,AP Round,?????,Mk211 High-Explosive Armor-Piercing Ammo,-,-,-,-,-,-,-,-,-,180,-,-,-,-,-,-,10000,10,14,Locked
31453555,40,T-Exo,?????,IOP T4 Exoskeleton,-,-,-6,-,35,-,-,-,-,-,-,-,-,-,-,-,10000,10,7,Locked
31468943,68,Ammo Box,?????,IOP Maximum Ammo Box,-,-,-,-,-2,-,-,-,-,-,-,-,-,-,-,5,10000,10,2,Locked
31479516,76,Buckshot Shell,?????,#000 Buckshot,-,-,9,-,-,-,-,10%,-,-,-,-,-,-,-,-,1,0,0,Locked
31589506,171,Exclusive,?????,Tactical Thunderbolt Ahoge,-,-,-,-,20,-,-,-,20%,-,-,-,-,-,-,-,30000,10,11,Locked
31617637,66,Silencer,?????,AC4 Suppressor,-,-,-,-,6,-,-,-,12%,-,-,-,-,-,-,-,0,0,0,Locked
31683689,20,AP Round,?????,Mk211 High-Explosive Armor-Piercing Ammo,-,-,-,-,-,-,-,-,-,180,-,-,-,-,-,-,10000,10,17,Locked
31719431,66,Silencer,?????,AC4 Suppressor,-,-,-,-,6,-,-,-,12%,-,-,-,-,-,-,-,1,0,0,Locked
31745485,44,Armor Plate,?????,Type 3 Armor Plate,-,-,-,-,-2,-,-,-,-,-,6,-,-,-,-,-,0,0,0,Locked
31930253,130,Exclusive,?????,Gr G36 Hybrid Sight,112144757,Gr G36 Mod,-,8,-,-,-,-,48%,-,-,-,-,-,-,-,30000,10,16,Locked
32024635,40,T-Exo,?????,IOP T4 Exoskeleton,-,-,-6,-,35,-,-,-,-,-,-,-,-,-,-,-,10000,10,12,Locked
32043764,16,Night Equip,?????,PEQ-16A,-,-,-,-,-,-,-,-,-,-,-,-,-,-,100%,-,0,0,14,Locked
32058572,4,Optical,?????,VFL 6-24X56,145142891,KSVK Mod,-,-,-,-,-,-,48%,-,-,-,-,-,-,-,10000,10,10,Locked
32085035,125,Exclusive,?????,Additional Computing Module,-,-,-,-,15,-,-,-,25%,-,-,-,-,-,-,-,30000,10,26,Locked
32128539,136,Exclusive,?????,7.92 KURZ,-,-,23,-,-,-,-,-,-,-,-,-,-,-,-,-,30000,10,0,Locked
32176642,174,Exclusive,?????,FRAG-12 High Explosive Rounds,-,-,15,20,-,-,-,-,-,-,-,-,-,-,-,-,30000,10,0,Locked
32195513,44,Armor Plate,?????,Type 3 Armor Plate,-,-,-,-,-2,-,-,-,-,-,11,-,-,-,-,-,10000,10,4,Locked
32214095,16,Night Equip,?????,PEQ-16A,-,-,-,-,-,-,-,-,-,-,-,-,-,-,100%,-,0,0,20,Locked
32217026,72,HP Round,?????,ILM Hollow-Point Ammo,165154921,Vector,15,-,-,-,-,-,-,-7,-,-,-,-,-,-,10000,10,16,Locked
32248286,44,Armor Plate,?????,Type 3 Armor Plate,-,-,-,-,-2,-,-,-,-,-,6,-,-,-,-,-,0,0,0,Locked
32274432,58,X-Exo,?????,IOP X4 Exoskeleton,-,-,-,-,20,-,-,-,-,-,-,-,-,-,-,-,10000,10,6,Locked
32396395,115,Exclusive,?????,Digital Camouflage,-,-,6,-,-,-3,-,25%,-,-,-,-,-,-,-,-,30000,10,6,Locked
32455406,58,X-Exo,?????,IOP X4 Exoskeleton,89081046,M1895 Mod,-,-,20,-,-,-,-,-,-,-,-,-,-,-,10000,10,4,Locked
32473857,76,Buckshot Shell,?????,#000 Buckshot,-,-,8,-,-,-,-,11%,-,-,-,-,-,-,-,-,0,0,0,Locked
32502857,90,Camo Cloak,?????,Thermoptic Camouflage Cape,140092305,Type88 Mod,-,-,-,-3,-,25%,-,-,-,-,-,-,-,-,10000,10,7,Locked
32540407,32,HV Round,?????,APCR High-Velocity Ammo,-,-,20,-,-,-,-,-,-,-,-,-,-,-,-,-,10000,10,2,Locked
32626383,76,Buckshot Shell,?????,#000 Buckshot,-,-,8,-,-,-,-,11%,-,-,-,-,-,-,-,-,0,0,0,Locked
32708138,4,Optical,?????,VFL 6-24X56,-,-,-,-,-,-,-,-,20%,-,-,-,-,-,-,-,0,0,0,Locked
32755734,76,Buckshot Shell,?????,#000 Buckshot,-,-,8,-,-,-,-,10%,-,-,-,-,-,-,-,-,0,0,0,Locked
32779813,158,Exclusive,?????,Acceleration Coil,105700415,Type88 Mod,5,-,-,-,-,-,50%,-,-,-,-,-,-,-,30000,10,16,Locked
32811873,4,Optical,?????,VFL 6-24X56,-,-,-,-,-,-,-,-,48%,-,-,-,-,-,-,-,10000,10,6,Locked
32826788,4,Optical,?????,VFL 6-24X56,90041310,ST AR-15 Mod,-,-,-,-,-,-,47%,-,-,-,-,-,-,-,10000,10,0,Locked
32866792,66,Silencer,?????,AC4 Suppressor,-,-,-,-,6,-,-,-,12%,-,-,-,-,-,-,-,0,0,0,Locked
32897280,16,Night Equip,?????,PEQ-16A,-,-,-,-,-,-,-,-,-,-,-,-,-,-,100%,-,0,0,17,Locked
32972957,4,Optical,?????,VFL 6-24X56,-,-,-,-,-,-,-,-,20%,-,-,-,-,-,-,-,0,0,0,Locked
33039352,16,Night Equip,?????,PEQ-16A,-,-,-,-,-,-,-,-,-,-,-,-,-,-,100%,-,0,0,9,Locked
33039807,72,HP Round,?????,ILM Hollow-Point Ammo,177875706,Vector,15,-,-,-,-,-,-,-7,-,-,-,-,-,-,10000,10,6,Locked
33085290,66,Silencer,?????,AC4 Suppressor,-,-,-,-,6,-,-,-,12%,-,-,-,-,-,-,-,1,0,0,Locked
33195336,117,Exclusive,?????,Glorylight,-,-,-,-,-,-,-,-,-,-,-,-,-,-,100%,-,1,0,0,Locked
33207524,40,T-Exo,?????,IOP T4 Exoskeleton,-,-,-6,-,35,-,-,-,-,-,-,-,-,-,-,-,10000,10,6,Locked
33246914,20,AP Round,?????,Mk211 High-Explosive Armor-Piercing Ammo,-,-,-,-,-,-,-,-,-,180,-,-,-,-,-,-,10000,10,6,Locked
33272640,118,Exclusive,?????,Black Cat,-,-,-,-,-,-,-,-,-,-,-,-,-,-,100%,-,1,0,0,Locked
33299182,16,Night Equip,?????,PEQ-16A,-,-,-,-,-,-,-,-,-,-,-,-,-,-,93%,-,0,0,3,Locked
33334887,32,HV Round,?????,APCR High-Velocity Ammo,-,-,20,-,-,-,-,-,-,-,-,-,-,-,-,-,10000,10,4,Locked
33415296,40,T-Exo,?????,IOP T4 Exoskeleton,-,-,-6,-,35,-,-,-,-,-,-,-,-,-,-,-,10000,10,10,Locked
33460583,90,Camo Cloak,?????,Thermoptic Camouflage Cape,-,-,-,-,-,-3,-,25%,-,-,-,-,-,-,-,-,10000,10,2,Locked
33513092,177,Exclusive,?????,MGP Upgrade Kit,-,-,-,30,-,-,-1,24%,-,-,-,-,-,-,-,-,30000,10,16,Locked
33560902,80,Slug Shell,?????,SABOT Slug,-,-,-,10,-,-,-,-,-,-,-,-,-,-,-,-,1,0,0,Locked
33571120,176,Exclusive,?????,7N31,-,-,15,-,-,-,3,-,-,35,-,-,-,-,-,-,30000,10,6,Locked
33587433,90,Camo Cloak,?????,Thermoptic Camouflage Cape,-,-,-,-,-,-3,-,25%,-,-,-,-,-,-,-,-,10000,10,6,Locked
33616160,80,Slug Shell,?????,SABOT Slug,-,-,-,9,-,-,-,-,-,-,-,-,-,-,-,-,1,0,0,Locked
33644439,90,Camo Cloak,?????,Thermoptic Camouflage Cape,-,-,-,-,-,-3,-,25%,-,-,-,-,-,-,-,-,10000,10,8,Locked
33712719,44,Armor Plate,?????,Type 3 Armor Plate,-,-,-,-,-2,-,-,-,-,-,6,-,-,-,-,-,0,0,0,Locked
33795998,106,Exclusive,?????,EOT XPS3,89748707,416 Mod,8,14,-,-,-,-,25%,-,-,-,-,-,-,-,30000,10,16,Locked
33806786,76,Buckshot Shell,?????,#000 Buckshot,-,-,8,-,-,-,-,10%,-,-,-,-,-,-,-,-,0,0,0,Locked
33808843,106,Exclusive,?????,EOT XPS3,151934555,416 Mod,8,14,-,-,-,-,25%,-,-,-,-,-,-,-,30000,10,6,Locked
33902764,16,Night Equip,?????,PEQ-16A,-,-,-,-,-,-,-,-,-,-,-,-,-,-,100%,-,0,0,6,Locked
33902801,76,Buckshot Shell,?????,#000 Buckshot,-,-,9,-,-,-,-,10%,-,-,-,-,-,-,-,-,0,0,0,Locked
33917131,90,Camo Cloak,?????,Thermoptic Camouflage Cape,-,-,-,-,-,-3,-,25%,-,-,-,-,-,-,-,-,10000,10,1,Locked
33956904,95,HP Round,?????,16Lab Hollow-Point,111977698,Python,15,-,-,-,-,-,-,-7,-,-,-,-,-,-,10000,10,0,Locked
33956905,110,HV Round,?????,16Lab High-Velocity Ammo,95155182,Gr G11 Mod,20,-,-,-,-,-,-,-,-,-,-,-,-,-,10000,10,0,Locked
33981820,20,AP Round,?????,Mk211 High-Explosive Armor-Piercing Ammo,-,-,-,-,-,-,-,-,-,180,-,-,-,-,-,-,10000,10,17,Locked
33996499,156,Exclusive,?????,AMP COMPSP,-,-,10,15,15,-,-,-,-,-,-,-,-,-,-,-,30000,10,6,Locked
34044674,4,Optical,?????,VFL 6-24X56,-,-,-,-,-,-,-,-,43%,-,-,-,-,-,-,-,10000,10,0,Locked
34119540,16,Night Equip,?????,PEQ-16A,-,-,-,-,-,-,-,-,-,-,-,-,-,-,100%,-,0,0,5,Locked
34186446,68,Ammo Box,?????,IOP Maximum Ammo Box,-,-,-,-,-2,-,-,-,-,-,-,-,-,-,-,4,10000,10,0,Locked
34248068,102,Exclusive,?????,Performance+ Cartridge,-,-,-8,-,23,-,1,-,-,-,-,-,-,-,-,-,1,0,0,Locked
34292203,221,Exclusive,?????,Magnetic Accelerated Rounds,140092305,Type88 Mod,5,-,-,-,-,-,-,180,-,-,-,-,-,-,30000,10,6,Locked
34292206,221,Exclusive,?????,Magnetic Accelerated Rounds,105700415,Type88 Mod,5,-,-,-,-,-,-,177,-,-,-,-,-,-,30000,10,6,Locked
34367525,16,Night Equip,?????,PEQ-16A,-,-,-,-,-,-,-,-,-,-,-,-,-,-,100%,-,0,0,1,Locked
34368325,198,Exclusive,?????,Wooden Grips,-,-,-,-,15,-,-,-,25%,-,-,-,-,-,-,-,6001,5,6,Locked
34379519,80,Slug Shell,?????,SABOT Slug,-,-,-,8,-,-,-,-,-,-,-,-,-,-,-,-,1,0,0,Locked
34396668,66,Silencer,?????,AC4 Suppressor,-,-,-,-,6,-,-,-,13%,-,-,-,-,-,-,-,0,0,0,Locked
34431059,72,HP Round,?????,ILM Hollow-Point Ammo,89081046,M1895 Mod,15,-,-,-,-,-,-,-7,-,-,-,-,-,-,10000,10,16,Locked
34437897,76,Buckshot Shell,?????,#000 Buckshot,-,-,8,-,-,-,-,11%,-,-,-,-,-,-,-,-,0,0,0,Locked
34474804,16,Night Equip,?????,PEQ-16A,-,-,-,-,-,-,-,-,-,-,-,-,-,-,100%,-,0,0,12,Locked
34506117,128,Exclusive,?????,STEN Suppressor,-,-,-,-,9,-,-,-,12%,-,-,-,-,-,-,-,1,0,0,Locked
34512441,90,Camo Cloak,?????,Thermoptic Camouflage Cape,145142891,KSVK Mod,-,-,-,-3,-,25%,-,-,-,-,-,-,-,-,10000,10,15,Locked
34513206,68,Ammo Box,?????,IOP Maximum Ammo Box,-,-,-,-,-2,-,-,-,-,-,-,-,-,-,-,2,1,0,0,Locked
34524807,80,Slug Shell,?????,SABOT Slug,-,-,-,10,-,-,-,-,-,-,-,-,-,-,-,-,0,0,0,Locked
34524808,66,Silencer,?????,AC4 Suppressor,-,-,-,-,6,-,-,-,12%,-,-,-,-,-,-,-,0,0,0,Locked
34549889,20,AP Round,?????,Mk211 High-Explosive Armor-Piercing Ammo,-,-,-,-,-,-,-,-,-,180,-,-,-,-,-,-,10000,10,17,Locked
34595901,16,Night Equip,?????,PEQ-16A,-,-,-,-,-,-,-,-,-,-,-,-,-,-,100%,-,0,0,3,Locked
34618927,66,Silencer,?????,AC4 Suppressor,-,-,-,-,6,-,-,-,12%,-,-,-,-,-,-,-,0,0,0,Locked
34632781,254,Exclusive,?????,Donut of Sweet Dreams,-,-,-,-,-,-3,-,45%,-,-,-,-,-,-,-,-,30000,10,6,Locked
34632784,252,Exclusive,?????,Grimoire Vol. II,-,-,10,5,-,-,-,-,50%,-,-,-,-,-,-,-,30000,10,26,Locked
34656892,20,AP Round,?????,Mk211 High-Explosive Armor-Piercing Ammo,-,-,-,-,-,-,-,-,-,180,-,-,-,-,-,-,10000,10,10,Locked
34663866,104,Exclusive,?????,Fire Selector,-,-,-,-,-,-,3,-,24%,-,-,-,-,-,-,-,1,0,6,Locked
34679703,16,Night Equip,?????,PEQ-16A,-,-,-,-,-,-,-,-,-,-,-,-,-,-,100%,-,0,0,16,Locked
34680112,253,Exclusive,?????,Miraculous Curry Ladle,-,-,3,-,22,-,-,-,-,-,-,-,-,-,-,-,1,0,0,Locked
34680113,255,Exclusive,?????,Paper Bag Helmet,-,-,18,-,-,-,25,-50%,-,-,-,-,-,-,-,-,30000,10,16,Locked
34680114,251,Exclusive,?????,Demonic Bell,-,-,-,36,5,-,-,-,-,-,-,-,-,-,-,-,30000,10,12,Locked
34692759,68,Ammo Box,?????,IOP Maximum Ammo Box,-,-,-,-,-2,-,-,-,-,-,-,-,-,-,-,2,0,0,0,Locked
34768712,4,Optical,?????,VFL 6-24X56,-,-,-,-,-,-,-,-,21%,-,-,-,-,-,-,-,0,0,0,Locked
34781721,44,Armor Plate,?????,Type 3 Armor Plate,-,-,-,-,-2,-,-,-,-,-,7,-,-,-,-,-,0,0,0,Locked
34802317,40,T-Exo,?????,IOP T4 Exoskeleton,-,-,-6,-,35,-,-,-,-,-,-,-,-,-,-,-,10000,10,16,Locked
34802320,44,Armor Plate,?????,Type 3 Armor Plate,-,-,-,-,-2,-,-,-,-,-,6,-,-,-,-,-,0,0,0,Locked
34802832,66,Silencer,?????,AC4 Suppressor,-,-,-,-,6,-,-,-,13%,-,-,-,-,-,-,-,1,0,0,Locked
34813524,40,T-Exo,?????,IOP T4 Exoskeleton,-,-,-6,-,35,-,-,-,-,-,-,-,-,-,-,-,10000,10,6,Locked
34877311,68,Ammo Box,?????,IOP Maximum Ammo Box,-,-,-,-,-2,-,-,-,-,-,-,-,-,-,-,2,901,3,0,Locked
34889705,234,Chip,?????,#2 Processor,-,-,15,-,-,-,25,-50%,-,-,-,-,-,-,-,-,10000,10,16,Locked
34889824,44,Armor Plate,?????,Type 3 Armor Plate,-,-,-,-,-2,-,-,-,-,-,6,-,-,-,-,-,0,0,0,Locked
34889842,234,Chip,?????,#2 Processor,-,-,15,-,-,-,25,-50%,-,-,-,-,-,-,-,-,10000,10,6,Locked
34905771,68,Ammo Box,?????,IOP Maximum Ammo Box,-,-,-,-,-2,-,-,-,-,-,-,-,-,-,-,2,1,0,0,Locked
34923506,224,Auxiliary Sights,?????,RMR T4 Red Dot Sight,136560266,Python,-,20,-,-,-,-,30%,-,-,-,-,-,-,-,10000,10,6,Locked
34934793,229,Special AP Round,?????,Mk1000 SLAP,-,-,-,-,-,-,-5,-,-,500,-,-,-,-,-,-,10000,10,20,Locked
34965068,225,Signal Flare,?????,Signal Flare,-,-,-,-,-,-,-1,-,-,-,-,-,-,-,-,-,0,0,5,Locked
34984268,211,Exclusive,?????,Arisaka AP Rounds,-,-,10,-,-,-,-,-,-,180,-,-,-,-,-,-,30000,10,6,Locked
34985972,229,Special AP Round,?????,Mk1000 SLAP,-,-,-,-,-,-,-5,-,-,500,-,-,-,-,-,-,10000,10,24,Locked
35034072,224,Auxiliary Sights,?????,RMR T4 Red Dot Sight,-,-,-,10,-,-,-,-,14%,-,-,-,-,-,-,-,0,0,0,Locked
35040213,231,Birdshot,?????,#7.5 Birdshot,-,-,-,-,-,-,6,-18%,-,-,-,-,-,-,-,-,0,0,0,Locked
35042970,224,Auxiliary Sights,?????,RMR T4 Red Dot Sight,-,-,-,20,-,-,-,-,30%,-,-,-,-,-,-,-,10000,10,6,Locked
35060088,207,Exclusive,?????,PT-3 Stock,-,-,2,-,10,-,-,-,-,-,-,-,-,-,-,-,1,0,6,Locked
35068425,80,Slug Shell,?????,SABOT Slug,-,-,-,9,-,-,-,-,-,-,-,-,-,-,-,-,0,0,0,Locked
35076067,225,Signal Flare,?????,Signal Flare,-,-,-,-,-,-,-3,-,-,-,-,-,-,-,-,-,0,0,0,Locked
35077487,234,Chip,?????,#2 Processor,-,-,15,-,-,-,25,-50%,-,-,-,-,-,-,-,-,10000,10,16,Locked
35078156,72,HP Round,?????,ILM Hollow-Point Ammo,-,-,8,-,-,-,-,-,-,-8,-,-,-,-,-,-,0,0,0,Locked
35078175,225,Signal Flare,?????,Signal Flare,-,-,-,-,-,-,-3,-,-,-,-,-,-,-,-,-,0,0,0,Locked
35078176,225,Signal Flare,?????,Signal Flare,-,-,-,-,-,-,-4,-,-,-,-,-,-,-,-,-,0,0,0,Locked
35094118,224,Auxiliary Sights,?????,RMR T4 Red Dot Sight,-,-,-,20,-,-,-,-,30%,-,-,-,-,-,-,-,10000,10,6,Locked
35214553,20,AP Round,?????,Mk211 High-Explosive Armor-Piercing Ammo,-,-,-,-,-,-,-,-,-,111,-,-,-,-,-,-,0,0,0,Locked
35214567,20,AP Round,?????,Mk211 High-Explosive Armor-Piercing Ammo,-,-,-,-,-,-,-,-,-,111,-,-,-,-,-,-,0,0,0,Locked
35217563,224,Auxiliary Sights,?????,RMR T4 Red Dot Sight,-,-,-,11,-,-,-,-,13%,-,-,-,-,-,-,-,0,0,0,Locked
35217564,80,Slug Shell,?????,SABOT Slug,-,-,-,8,-,-,-,-,-,-,-,-,-,-,-,-,0,0,0,Locked
35217577,32,HV Round,?????,APCR High-Velocity Ammo,-,-,20,-,-,-,-,-,-,-,-,-,-,-,-,-,10000,10,6,Locked
35217580,72,HP Round,?????,ILM Hollow-Point Ammo,-,-,8,-,-,-,-,-,-,-9,-,-,-,-,-,-,0,0,0,Locked
35217602,40,T-Exo,?????,IOP T4 Exoskeleton,-,-,-6,-,35,-,-,-,-,-,-,-,-,-,-,-,10000,10,6,Locked
35217615,40,T-Exo,?????,IOP T4 Exoskeleton,130415829,P22,-6,-,35,-,-,-,-,-,-,-,-,-,-,-,10000,10,6,Locked
35217617,231,Birdshot,?????,#7.5 Birdshot,-,-,-,-,-,-,6,-14%,-,-,-,-,-,-,-,-,0,0,0,Locked
35217635,68,Ammo Box,?????,IOP Maximum Ammo Box,-,-,-,-,-2,-,-,-,-,-,-,-,-,-,-,2,0,0,0,Locked
35217662,235,Flash Shell,?????,Shotgun Flash Shells,-,-,-,8,-,-,-,-,-,-,-,-,-,-,-,-,0,0,0,Locked
35217694,20,AP Round,?????,Mk211 High-Explosive Armor-Piercing Ammo,-,-,-,-,-,-,-,-,-,114,-,-,-,-,-,-,0,0,0,Locked
35217714,16,Night Equip,?????,PEQ-16A,-,-,-,-,-,-,-,-,-,-,-,-,-,-,100%,-,0,0,23,Locked
35227558,227,Sniper Round,?????,M1022 Sniper Rounds,-,-,10,-,-,-,-,-,-,120,-,-,-,-,-,-,10000,10,16,Locked
35227560,227,Sniper Round,?????,M1022 Sniper Rounds,-,-,10,-,-,-,-,-,-,120,-,-,-,-,-,-,10000,10,14,Locked
35227576,68,Ammo Box,?????,IOP Maximum Ammo Box,-,-,-,-,-2,-,-,-,-,-,-,-,-,-,-,2,0,0,0,Locked
35235834,227,Sniper Round,?????,M1022 Sniper Rounds,147949376,Kord,10,-,-,-,-,-,-,120,-,-,-,-,-,-,10000,10,20,Locked
35235857,58,X-Exo,?????,IOP X4 Exoskeleton,-,-,-,-,9,-,-,-,-,-,-,-,-,-,-,-,0,0,0,Locked
35247425,40,T-Exo,?????,IOP T4 Exoskeleton,128650011,PA-15,-6,-,35,-,-,-,-,-,-,-,-,-,-,-,10000,10,6,Locked
35257934,72,HP Round,?????,ILM Hollow-Point Ammo,-,-,8,-,-,-,-,-,-,-9,-,-,-,-,-,-,0,0,0,Locked
35267979,227,Sniper Round,?????,M1022 Sniper Rounds,-,-,10,-,-,-,-,-,-,120,-,-,-,-,-,-,10000,10,16,Locked
35268012,229,Special AP Round,?????,Mk1000 SLAP,-,-,-,-,-,-,-5,-,-,244,-,-,-,-,-,-,0,0,0,Locked
35268609,32,HV Round,?????,APCR High-Velocity Ammo,-,-,20,-,-,-,-,-,-,-,-,-,-,-,-,-,10000,10,4,Locked
35268658,224,Auxiliary Sights,?????,RMR T4 Red Dot Sight,130522360,HS2000,-,20,-,-,-,-,30%,-,-,-,-,-,-,-,10000,10,6,Locked
35268661,44,Armor Plate,?????,Type 3 Armor Plate,-,-,-,-,-2,-,-,-,-,-,6,-,-,-,-,-,0,0,0,Locked
35269322,66,Silencer,?????,AC4 Suppressor,-,-,-,-,6,-,-,-,13%,-,-,-,-,-,-,-,0,0,0,Locked
35271195,224,Auxiliary Sights,?????,RMR T4 Red Dot Sight,-,-,-,10,-,-,-,-,13%,-,-,-,-,-,-,-,0,0,0,Locked
35271825,20,AP Round,?????,Mk211 High-Explosive Armor-Piercing Ammo,-,-,-,-,-,-,-,-,-,112,-,-,-,-,-,-,0,0,0,Locked
35271826,44,Armor Plate,?????,Type 3 Armor Plate,-,-,-,-,-2,-,-,-,-,-,6,-,-,-,-,-,0,0,0,Locked
35280523,44,Armor Plate,?????,Type 3 Armor Plate,-,-,-,-,-2,-,-,-,-,-,7,-,-,-,-,-,0,0,0,Locked
35294147,40,T-Exo,?????,IOP T4 Exoskeleton,161816245,Webley,-6,-,35,-,-,-,-,-,-,-,-,-,-,-,10000,10,6,Locked
35317116,4,Optical,?????,VFL 6-24X56,-,-,-,-,-,-,-,-,22%,-,-,-,-,-,-,-,0,0,0,Locked
35324587,165,Exclusive,?????,Tactical Earphones,-,-,5,-,11,-,5,-,-,-,-,-,-,-,-,-,0,0,0,Locked
35342101,72,HP Round,?????,ILM Hollow-Point Ammo,-,-,7,-,-,-,-,-,-,-7,-,-,-,-,-,-,0,0,0,Locked
35368236,266,Exclusive,?????,ImpulsIIA/C,-,-,-,-,12,-,-,-,8%,-,-,-,-,-,-,-,1,0,0,Locked
35381111,90,Camo Cloak,?????,Thermoptic Camouflage Cape,-,-,-,-,-,-3,-,24%,-,-,-,-,-,-,-,-,8000,9,2,Locked
35394436,90,Camo Cloak,?????,Thermoptic Camouflage Cape,-,-,-,-,-,-3,-,21%,-,-,-,-,-,-,-,-,4000,6,5,Locked
35431201,16,Night Equip,?????,PEQ-16A,-,-,-,-,-,-,-,-,-,-,-,-,-,-,100%,-,0,0,16,Locked
35436448,8,Holographic,?????,EOT 518,-,-,4,7,-,-,-5,-,-,-,-,-,-,-,-,-,0,0,0,
35457916,8,Holographic,?????,EOT 518,-,-,4,7,-,-,-5,-,-,-,-,-,-,-,-,-,0,0,0,
35490484,216,Exclusive,?????,20-gauge Custom Slug Rounds,181038761,Defender,10,-,-,-,-,-,19%,-,-,-,-,-,-,-,3326,3,6,Locked
35497092,32,HV Round,?????,APCR High-Velocity Ammo,-,-,20,-,-,-,-,-,-,-,-,-,-,-,-,-,10000,10,2,Locked
35497094,8,Holographic,?????,EOT 518,-,-,4,7,-,-,-5,-,-,-,-,-,-,-,-,-,0,0,0,
35509236,76,Buckshot Shell,?????,#000 Buckshot,-,-,15,-,-,-,-,22%,-,-,-,-,-,-,-,-,10000,10,16,Locked
35545991,259,Exclusive,?????,Old Camouflage Uniform,-,-,-,-,-,-,-,25%,-,-,-,-,-,-,-,-,1,0,5,Locked
35550716,192,Exclusive,?????,Beloved Dangle,-,-,-6,-,45,-,-,-,-,-,-,-,-,-,-,-,30000,10,16,Locked
35565473,224,Auxiliary Sights,?????,RMR T4 Red Dot Sight,111977698,Python,-,20,-,-,-,-,30%,-,-,-,-,-,-,-,10000,10,16,Locked
35578410,227,Sniper Round,?????,M1022 Sniper Rounds,121173906,PKP,10,-,-,-,-,-,-,120,-,-,-,-,-,-,10000,10,6,Locked
35592054,32,HV Round,?????,APCR High-Velocity Ammo,-,-,20,-,-,-,-,-,-,-,-,-,-,-,-,-,10000,10,9,Locked
35619841,80,Slug Shell,?????,SABOT Slug,-,-,-,9,-,-,-,-,-,-,-,-,-,-,-,-,0,0,0,Locked
35656174,190,Exclusive,?????,G-box,-,-,20,10,-,-,-,25%,-,-,-,-,-,-,-,-,30000,10,2,Locked
35663419,20,AP Round,?????,Mk211 High-Explosive Armor-Piercing Ammo,-,-,-,-,-,-,-,-,-,116,-,-,-,-,-,-,0,0,0,Locked
35663420,32,HV Round,?????,APCR High-Velocity Ammo,89748707,416 Mod,20,-,-,-,-,-,-,-,-,-,-,-,-,-,10000,10,9,Locked
35803905,8,Holographic,?????,EOT 518,-,-,5,6,-,-,-5,-,-,-,-,-,-,-,-,-,0,0,0,
35804612,8,Holographic,?????,EOT 518,-,-,4,8,-,-,-5,-,-,-,-,-,-,-,-,-,0,0,0,
35923801,236,Exclusive,?????,Thompson's Exoskeleton,-,-,-8,-,23,-,-,-,-,-,-,-,-,-,-,-,1,0,0,Locked
35945969,265,Exclusive,?????,Synthetic Pistol Grip,-,-,3,11,-,-,-,-,-,-,-,-,-,-,-,-,1,0,0,Locked
35978061,76,Buckshot Shell,?????,#000 Buckshot,-,-,15,-,-,-,-,22%,-,-,-,-,-,-,-,-,10000,10,16,Locked
35982517,193,Exclusive,?????,Tactical Riot Shield,-,-,-,-,2,-,-,-,-,-,11,-,-,-,-,-,30000,10,6,Locked
35989974,8,Holographic,?????,EOT 518,-,-,5,6,-,-,-5,-,-,-,-,-,-,-,-,-,0,0,0,
35989978,224,Auxiliary Sights,?????,RMR T4 Red Dot Sight,-,-,-,10,-,-,-,-,13%,-,-,-,-,-,-,-,0,0,0,Locked
36018820,206,Exclusive,?????,12-gauge Flechette Rounds,-,-,9,4,-,-,-,-,-,-,-,-,-,-,-,-,1,0,0,Locked
36026361,234,Chip,?????,#2 Processor,-,-,15,-,-,-,25,-50%,-,-,-,-,-,-,-,-,10000,10,6,Locked
36031685,8,Holographic,?????,EOT 518,-,-,4,7,-,-,-5,-,-,-,-,-,-,-,-,-,0,0,0,
36043911,197,Exclusive,?????,Mk31 Multi-functional Exoskeleton,-,-,-6,-,47,-,-,-,-,-,-,-,-,-,-,-,30000,10,0,Locked
36044929,8,Holographic,?????,EOT 518,-,-,4,6,-,-,-5,-,-,-,-,-,-,-,-,-,0,0,0,
36044930,225,Signal Flare,?????,Signal Flare,-,-,-,-,-,-,-1,-,-,-,-,-,-,-,-,-,0,0,0,Locked
36044931,234,Chip,?????,#2 Processor,-,-,15,-,-,-,25,-50%,-,-,-,-,-,-,-,-,10000,10,10,Locked
36066010,72,HP Round,?????,ILM Hollow-Point Ammo,-,-,8,-,-,-,-,-,-,-8,-,-,-,-,-,-,0,0,0,Locked
36087380,224,Auxiliary Sights,?????,RMR T4 Red Dot Sight,147319543,Desert Eagle,-,20,-,-,-,-,30%,-,-,-,-,-,-,-,10000,10,8,Locked
36087383,224,Auxiliary Sights,?????,RMR T4 Red Dot Sight,-,-,-,10,-,-,-,-,13%,-,-,-,-,-,-,-,0,0,0,Locked
36098192,224,Auxiliary Sights,?????,RMR T4 Red Dot Sight,-,-,-,10,-,-,-,-,14%,-,-,-,-,-,-,-,0,0,0,Locked
36099885,227,Sniper Round,?????,M1022 Sniper Rounds,-,-,6,-,-,-,-,-,-,70,-,-,-,-,-,-,0,0,0,Locked
36106446,225,Signal Flare,?????,Signal Flare,-,-,-,-,-,-,-3,-,-,-,-,-,-,-,-,-,0,0,0,Locked
36106451,8,Holographic,?????,EOT 518,-,-,5,7,-,-,-5,-,-,-,-,-,-,-,-,-,0,0,0,
36119755,234,Chip,?????,#2 Processor,-,-,15,-,-,-,25,-50%,-,-,-,-,-,-,-,-,10000,10,6,Locked
36119757,234,Chip,?????,#2 Processor,-,-,15,-,-,-,25,-50%,-,-,-,-,-,-,-,-,10000,10,8,Locked
36130485,66,Silencer,?????,AC4 Suppressor,-,-,-,-,6,-,-,-,12%,-,-,-,-,-,-,-,0,0,0,Locked
36144228,4,Optical,?????,VFL 6-24X56,-,-,-,-,-,-,-,-,38%,-,-,-,-,-,-,-,5400,7,0,Locked
36147644,235,Flash Shell,?????,Shotgun Flash Shells,-,-,-,8,-,-,-,-,-,-,-,-,-,-,-,-,0,0,0,Locked
36148248,229,Special AP Round,?????,Mk1000 SLAP,-,-,-,-,-,-,-5,-,-,500,-,-,-,-,-,-,10000,10,23,Locked
36159091,224,Auxiliary Sights,?????,RMR T4 Red Dot Sight,-,-,-,10,-,-,-,-,13%,-,-,-,-,-,-,-,0,0,0,Locked
36160030,229,Special AP Round,?????,Mk1000 SLAP,-,-,-,-,-,-,-5,-,-,500,-,-,-,-,-,-,10000,10,7,Locked
36163234,234,Chip,?????,#2 Processor,-,-,15,-,-,-,25,-50%,-,-,-,-,-,-,-,-,10000,10,6,Locked
36163789,20,AP Round,?????,Mk211 High-Explosive Armor-Piercing Ammo,-,-,-,-,-,-,-,-,-,114,-,-,-,-,-,-,0,0,0,Locked
36164284,72,HP Round,?????,ILM Hollow-Point Ammo,-,-,7,-,-,-,-,-,-,-8,-,-,-,-,-,-,0,0,0,Locked
36164407,72,HP Round,?????,ILM Hollow-Point Ammo,-,-,9,-,-,-,-,-,-,-8,-,-,-,-,-,-,0,0,0,Locked
36165144,175,Exclusive,?????,BPR4 & SRM6,-,-,2,-,6,-,-,-,17%,-,-,-,-,-,-,-,1,0,0,
36165353,80,Slug Shell,?????,SABOT Slug,-,-,-,9,-,-,-,-,-,-,-,-,-,-,-,-,0,0,0,Locked
36165361,40,T-Exo,?????,IOP T4 Exoskeleton,-,-,-6,-,22,-,-,-,-,-,-,-,-,-,-,-,0,0,0,Locked
36166009,234,Chip,?????,#2 Processor,-,-,15,-,-,-,25,-50%,-,-,-,-,-,-,-,-,10000,10,15,Locked
36166645,224,Auxiliary Sights,?????,RMR T4 Red Dot Sight,-,-,-,10,-,-,-,-,14%,-,-,-,-,-,-,-,0,0,0,Locked
36166980,76,Buckshot Shell,?????,#000 Buckshot,-,-,7,-,-,-,-,11%,-,-,-,-,-,-,-,-,0,0,0,Locked
36172313,234,Chip,?????,#2 Processor,-,-,15,-,-,-,25,-50%,-,-,-,-,-,-,-,-,10000,10,12,Locked
36179418,76,Buckshot Shell,?????,#000 Buckshot,-,-,7,-,-,-,-,10%,-,-,-,-,-,-,-,-,0,0,0,Locked
36186383,72,HP Round,?????,ILM Hollow-Point Ammo,-,-,9,-,-,-,-,-,-,-7,-,-,-,-,-,-,0,0,0,Locked
36187244,234,Chip,?????,#2 Processor,-,-,15,-,-,-,25,-50%,-,-,-,-,-,-,-,-,10000,10,16,Locked
36188421,227,Sniper Round,?????,M1022 Sniper Rounds,90605914,M1918 Mod,10,-,-,-,-,-,-,120,-,-,-,-,-,-,10000,10,6,Locked
36189682,225,Signal Flare,?????,Signal Flare,-,-,-,-,-,-,-2,-,-,-,-,-,-,-,-,-,0,0,0,Locked
36189683,231,Birdshot,?????,#7.5 Birdshot,-,-,-,-,-,-,6,-16%,-,-,-,-,-,-,-,-,0,0,0,Locked
36218388,224,Auxiliary Sights,?????,RMR T4 Red Dot Sight,-,-,-,10,-,-,-,-,13%,-,-,-,-,-,-,-,0,0,0,Locked
36226190,58,X-Exo,?????,IOP X4 Exoskeleton,-,-,-,-,9,-,-,-,-,-,-,-,-,-,-,-,0,0,0,Locked
36226378,90,Camo Cloak,?????,Thermoptic Camouflage Cape,-,-,-,-,-,-3,-,12%,-,-,-,-,-,-,-,-,0,0,0,Locked
36226389,66,Silencer,?????,AC4 Suppressor,-,-,-,-,7,-,-,-,12%,-,-,-,-,-,-,-,0,0,0,Locked
36231583,224,Auxiliary Sights,?????,RMR T4 Red Dot Sight,-,-,-,10,-,-,-,-,13%,-,-,-,-,-,-,-,0,0,0,Locked
36244806,90,Camo Cloak,?????,Thermoptic Camouflage Cape,-,-,-,-,-,-3,-,12%,-,-,-,-,-,-,-,-,0,0,0,Locked
36250846,220,Exclusive,?????,Special Steel Buttstock,-,-,-,16,-,-,-,5%,15%,-,-,-,-,-,-,-,1,0,6,Locked
36258575,58,X-Exo,?????,IOP X4 Exoskeleton,-,-,-,-,9,-,-,-,-,-,-,-,-,-,-,-,0,0,0,Locked
36281602,32,HV Round,?????,APCR High-Velocity Ammo,89413427,M4A1 Mod,20,-,-,-,-,-,-,-,-,-,-,-,-,-,10000,10,1,Locked
36289026,205,Exclusive,?????,Galil Special Handguards,-,-,10,5,-5,-,-,-,-,-,-,-,-,-,-,-,1,0,16,Locked
36290615,227,Sniper Round,?????,M1022 Sniper Rounds,-,-,7,-,-,-,-,-,-,73,-,-,-,-,-,-,0,0,0,Locked
36290616,16,Night Equip,?????,PEQ-16A,-,-,-,-,-,-,-,-,-,-,-,-,-,-,100%,-,0,0,12,Locked
36294731,32,HV Round,?????,APCR High-Velocity Ammo,95214253,AN-94,20,-,-,-,-,-,-,-,-,-,-,-,-,-,10000,10,10,Locked
36302009,16,Night Equip,?????,PEQ-16A,-,-,-,-,-,-,-,-,-,-,-,-,-,-,100%,-,0,0,16,Locked
36302179,72,HP Round,?????,ILM Hollow-Point Ammo,-,-,8,-,-,-,-,-,-,-9,-,-,-,-,-,-,0,0,0,Locked
36304450,72,HP Round,?????,ILM Hollow-Point Ammo,-,-,7,-,-,-,-,-,-,-8,-,-,-,-,-,-,0,0,0,Locked
36307668,80,Slug Shell,?????,SABOT Slug,-,-,-,9,-,-,-,-,-,-,-,-,-,-,-,-,0,0,0,Locked
36308073,58,X-Exo,?????,IOP X4 Exoskeleton,-,-,-,-,9,-,-,-,-,-,-,-,-,-,-,-,0,0,0,Locked
36308074,72,HP Round,?????,ILM Hollow-Point Ammo,-,-,7,-,-,-,-,-,-,-9,-,-,-,-,-,-,0,0,0,Locked
36309372,235,Flash Shell,?????,Shotgun Flash Shells,-,-,-,9,-,-,-,-,-,-,-,-,-,-,-,-,0,0,0,Locked
36309373,234,Chip,?????,#2 Processor,-,-,15,-,-,-,25,-50%,-,-,-,-,-,-,-,-,10000,10,15,Locked
36317282,237,Exclusive,?????,MkV Mobility Skeleton,-,-,-,-,14,3,-,-,-,-,-,-,-,-,-,-,1,0,0,Locked
36318315,234,Chip,?????,#2 Processor,-,-,15,-,-,-,25,-50%,-,-,-,-,-,-,-,-,10000,10,6,Locked
36324356,227,Sniper Round,?????,M1022 Sniper Rounds,-,-,6,-,-,-,-,-,-,72,-,-,-,-,-,-,0,0,0,Locked
36324357,229,Special AP Round,?????,Mk1000 SLAP,-,-,-,-,-,-,-5,-,-,500,-,-,-,-,-,-,10000,10,12,Locked
36324361,227,Sniper Round,?????,M1022 Sniper Rounds,-,-,6,-,-,-,-,-,-,72,-,-,-,-,-,-,0,0,0,Locked
36325735,227,Sniper Round,?????,M1022 Sniper Rounds,-,-,6,-,-,-,-,-,-,73,-,-,-,-,-,-,0,0,0,Locked
36325737,72,HP Round,?????,ILM Hollow-Point Ammo,-,-,8,-,-,-,-,-,-,-8,-,-,-,-,-,-,0,0,0,Locked
36346743,12,Red Dot,?????,ITI MARS,-,-,-,12,-,-,-2,-,-,-,-,-,-,-,-,-,0,0,0,Locked
36346745,234,Chip,?????,#2 Processor,95214253,AN-94,15,-,-,-,25,-50%,-,-,-,-,-,-,-,-,10000,10,16,Locked
36369798,72,HP Round,?????,ILM Hollow-Point Ammo,-,-,7,-,-,-,-,-,-,-9,-,-,-,-,-,-,1,0,0,Locked
36407891,167,Exclusive,?????,C96 Oak Stock,-,-,-,-,20,-,-,-,25%,-,-,-,-,-,-,-,30000,10,6,Locked
36416612,225,Signal Flare,?????,Signal Flare,130415829,P22,-,-,-,-,-3,-,-,-,-,-,-,-,-,-,0,0,0,Locked
36433503,235,Flash Shell,?????,Shotgun Flash Shells,-,-,-,20,-,-,-,-,-,-,-,-,-,-,-,-,10000,10,1,Locked
36433513,224,Auxiliary Sights,?????,RMR T4 Red Dot Sight,-,-,-,11,-,-,-,-,14%,-,-,-,-,-,-,-,0,0,0,Locked
36462790,8,Holographic,?????,EOT 518,-,-,5,6,-,-,-5,-,-,-,-,-,-,-,-,-,0,0,0,
36462792,16,Night Equip,?????,PEQ-16A,-,-,-,-,-,-,-,-,-,-,-,-,-,-,100%,-,0,0,7,Locked
36463417,224,Auxiliary Sights,?????,RMR T4 Red Dot Sight,-,-,-,10,-,-,-,-,13%,-,-,-,-,-,-,-,0,0,0,Locked
36475538,225,Signal Flare,?????,Signal Flare,-,-,-,-,-,-,-4,-,-,-,-,-,-,-,-,-,0,0,0,Locked
36475542,72,HP Round,?????,ILM Hollow-Point Ammo,-,-,7,-,-,-,-,-,-,-8,-,-,-,-,-,-,0,0,0,Locked
36483434,107,Exclusive,?????,Infinite Ammo Box,-,-,-25,-10,-2,-,-,-,-,-,-,-,-,-,-,20,0,0,0,Locked
36484201,119,Exclusive,?????,FÉLIN System Sight,-,-,3,1,-,-,-,-,20%,-,-,-,-,-,-,-,0,0,0,Locked
36513047,224,Auxiliary Sights,?????,RMR T4 Red Dot Sight,-,-,-,10,-,-,-,-,13%,-,-,-,-,-,-,-,0,0,0,Locked
36516477,229,Special AP Round,?????,Mk1000 SLAP,-,-,-,-,-,-,-5,-,-,245,-,-,-,-,-,-,0,0,0,Locked
36552126,234,Chip,?????,#2 Processor,-,-,15,-,-,-,25,-50%,-,-,-,-,-,-,-,-,10000,10,6,Locked
36552467,66,Silencer,?????,AC4 Suppressor,-,-,-,-,6,-,-,-,12%,-,-,-,-,-,-,-,0,0,0,Locked
36571514,234,Chip,?????,#2 Processor,-,-,15,-,-,-,25,-50%,-,-,-,-,-,-,-,-,10000,10,9,Locked
36572640,72,HP Round,?????,ILM Hollow-Point Ammo,-,-,7,-,-,-,-,-,-,-8,-,-,-,-,-,-,0,0,0,Locked
36589534,234,Chip,?????,#2 Processor,-,-,15,-,-,-,25,-50%,-,-,-,-,-,-,-,-,10000,10,8,Locked
36606685,72,HP Round,?????,ILM Hollow-Point Ammo,-,-,7,-,-,-,-,-,-,-8,-,-,-,-,-,-,0,0,0,Locked
36621813,32,HV Round,?????,APCR High-Velocity Ammo,151934555,416 Mod,20,-,-,-,-,-,-,-,-,-,-,-,-,-,10000,10,5,Locked
36621816,12,Red Dot,?????,ITI MARS,-,-,-,12,-,-,-3,-,-,-,-,-,-,-,-,-,0,0,0,
36639709,234,Chip,?????,#2 Processor,-,-,15,-,-,-,25,-50%,-,-,-,-,-,-,-,-,10000,10,6,Locked
36639713,225,Signal Flare,?????,Signal Flare,-,-,-,-,-,-,-4,-,-,-,-,-,-,-,-,-,0,0,0,Locked
36658395,264,Exclusive,?????,PK Exclusive Tripod,-,-,4,4,-,-,-,-,21%,-,-,-,-,-,-,-,1,0,0,Locked
36680809,234,Chip,?????,#2 Processor,-,-,15,-,-,-,25,-50%,-,-,-,-,-,-,-,-,10000,10,6,Locked
36726355,224,Auxiliary Sights,?????,RMR T4 Red Dot Sight,-,-,-,10,-,-,-,-,13%,-,-,-,-,-,-,-,0,0,0,Locked
36737353,235,Flash Shell,?????,Shotgun Flash Shells,-,-,-,9,-,-,-,-,-,-,-,-,-,-,-,-,0,0,0,Locked
36773223,16,Night Equip,?????,PEQ-16A,-,-,-,-,-,-,-,-,-,-,-,-,-,-,100%,-,0,0,1,Locked
36802273,227,Sniper Round,?????,M1022 Sniper Rounds,-,-,6,-,-,-,-,-,-,72,-,-,-,-,-,-,0,0,0,Locked
36817894,66,Silencer,?????,AC4 Suppressor,-,-,-,-,6,-,-,-,14%,-,-,-,-,-,-,-,0,0,0,Locked
36818089,90,Camo Cloak,?????,Thermoptic Camouflage Cape,-,-,-,-,-,-3,-,11%,-,-,-,-,-,-,-,-,0,0,0,Locked
36832379,242,Exclusive,?????,7N14,-,-,1,-,-,-,-,-,-,113,-,-,-,-,-,-,1,0,0,Locked
36833078,72,HP Round,?????,ILM Hollow-Point Ammo,-,-,8,-,-,-,-,-,-,-8,-,-,-,-,-,-,0,0,0,Locked
36833082,16,Night Equip,?????,PEQ-16A,-,-,-,-,-,-,-,-,-,-,-,-,-,-,100%,-,0,0,4,Locked
36846651,229,Special AP Round,?????,Mk1000 SLAP,-,-,-,-,-,-,-5,-,-,244,-,-,-,-,-,-,0,0,0,Locked
36851120,58,X-Exo,?????,IOP X4 Exoskeleton,-,-,-,-,9,-,-,-,-,-,-,-,-,-,-,-,1,0,0,Locked
36856776,58,X-Exo,?????,IOP X4 Exoskeleton,-,-,-,-,11,-,-,-,-,-,-,-,-,-,-,-,0,0,0,Locked
36856777,234,Chip,?????,#2 Processor,165154921,Vector,15,-,-,-,25,-50%,-,-,-,-,-,-,-,-,10000,10,16,Locked
36856779,12,Red Dot,?????,ITI MARS,-,-,-,11,-,-,-2,-,-,-,-,-,-,-,-,-,0,0,0,
36885194,234,Chip,?????,#2 Processor,177875706,Vector,15,-,-,-,25,-50%,-,-,-,-,-,-,-,-,10000,10,6,Locked
36918333,137,Exclusive,?????,Adelhyde,-,-,-,-,15,-,-,-,-,-,-,-,-,-,-,-,1,0,0,Locked
36918334,138,Exclusive,?????,Flanergide,-,-,-,-,15,-,-,-,-,-,-,-,-,-,-,-,1,0,0,Locked
36918335,139,Exclusive,?????,Adelhyde,-,-,-,-,15,-,-,-,-,-,-,-,-,-,-,-,1,0,0,Locked
36918336,140,Exclusive,?????,Bronson Extract,-,-,-,-,15,-,-,-,-,-,-,-,-,-,-,-,1,0,0,Locked
36918337,141,Exclusive,?????,Powdered Delta,-,-,-,-,15,-,-,-,-,-,-,-,-,-,-,-,1,0,0,Locked
36918338,142,Exclusive,?????,Karmotrine,187880955,Jill Stingray,-,-,15,-,-,-,-,-,-,-,-,-,-,-,1,0,0,Locked
36918339,143,Exclusive,?????,Karmotrine,187880955,Jill Stingray,-,-,15,-,-,-,-,-,-,-,-,-,-,-,1,0,0,Locked
36918340,144,Exclusive,?????,Karmotrine,187880955,Jill Stingray,-,-,15,-,-,-,-,-,-,-,-,-,-,-,1,0,0,Locked
36938246,234,Chip,?????,#2 Processor,-,-,13,-,-,-,21,-50%,-,-,-,-,-,-,-,-,3475,6,12,Locked
36986380,20,AP Round,?????,Mk211 High-Explosive Armor-Piercing Ammo,-,-,-,-,-,-,-,-,-,114,-,-,-,-,-,-,0,0,0,Locked
37016465,146,Exclusive,?????,MIRD Class-5 Rounds,-,-,13,-,-,-,-,-,-,-9,-,-,-,-,-,-,1,0,0,Locked
37027215,229,Special AP Round,?????,Mk1000 SLAP,-,-,-,-,-,-,-5,-,-,240,-,-,-,-,-,-,0,0,0,Locked
37034443,148,Exclusive,?????,Prosthetic Eye,-,-,-,-,-,-3,1,17%,-,-,-,-,-,-,-,-,1,0,0,Locked
37064502,225,Signal Flare,?????,Signal Flare,-,-,-,-,-,-,-2,-,-,-,-,-,-,-,-,-,0,0,0,Locked
37064681,166,Exclusive,?????,DO Reflex Sight,-,-,5,6,-,-,-5,-,-,-,-,-,-,-,-,-,1,0,0,Locked
37064685,191,Exclusive,?????,ACS-L,-,-,3,-,-,-,-,-,18%,-,-,-,-,-,-,-,1,0,0,Locked
37064691,124,Exclusive,?????,Gr G3 Barrel Kit,-,-,3,-,-,-,-,-,17%,-,-,-,-,-,-,-,1,0,0,Locked
37085242,145,Exclusive,?????,Prosthetic Arm,-,-,2,-,-2,-,-,-,-,-,6,-,-,-,-,-,1,0,0,Locked
37088501,103,Exclusive,?????,Type 64 Exclusive Suppressor,-,-,-,-,9,-,-,-,14%,-,-,-,-,-,-,-,1,0,0,Locked
37105486,123,Exclusive,?????,Bren L4 Barrel Kit,-,-,5,30,-,-,-,-,30%,-,-,-,-,-,-,-,30000,10,6,Locked
37115259,149,Exclusive,?????,Cybernetic Hands,-,-,2,-,-2,-,-,-,-,-,-,-,-,-,-,3,1,0,0,Locked
37126711,12,Red Dot,?????,ITI MARS,-,-,-,11,-,-,-2,-,-,-,-,-,-,-,-,-,0,0,0,
37131256,147,Exclusive,?????,White Knight's Armor,-,-,-,-,17,-,-,-,-,-,-,-,-,-,-,-,1,0,0,Locked
37159077,229,Special AP Round,?????,Mk1000 SLAP,-,-,-,-,-,-,-5,-,-,243,-,-,-,-,-,-,0,0,0,Locked
37160216,16,Night Equip,?????,PEQ-16A,-,-,-,-,-,-,-,-,-,-,-,-,-,-,94%,-,0,0,0,Locked
37253813,44,Armor Plate,?????,Type 3 Armor Plate,-,-,-,-,-2,-,-,-,-,-,6,-,-,-,-,-,0,0,0,
37276954,80,Slug Shell,?????,SABOT Slug,-,-,-,9,-,-,-,-,-,-,-,-,-,-,-,-,0,0,0,Locked
37299224,256,Exclusive,?????,MICO,-,-,-,-,-,-,-,-,25%,-,-,-,-,-,-,6,30000,10,6,Locked
37308161,4,Optical,?????,VFL 6-24X56,-,-,-,-,-,-,-,-,20%,-,-,-,-,-,-,-,0,0,0,
37310781,4,Optical,?????,VFL 6-24X56,-,-,-,-,-,-,-,-,19%,-,-,-,-,-,-,-,0,0,0,
37314653,8,Holographic,?????,EOT 518,-,-,4,6,-,-,-5,-,-,-,-,-,-,-,-,-,0,0,0,
37315091,12,Red Dot,?????,ITI MARS,-,-,-,12,-,-,-2,-,-,-,-,-,-,-,-,-,0,0,0,
37319582,12,Red Dot,?????,ITI MARS,-,-,-,12,-,-,-3,-,-,-,-,-,-,-,-,-,0,0,0,
37319718,4,Optical,?????,VFL 6-24X56,-,-,-,-,-,-,-,-,19%,-,-,-,-,-,-,-,0,0,0,
37320185,8,Holographic,?????,EOT 518,-,-,4,7,-,-,-5,-,-,-,-,-,-,-,-,-,0,0,0,
37325419,8,Holographic,?????,EOT 518,-,-,4,7,-,-,-5,-,-,-,-,-,-,-,-,-,0,0,0,
37326976,4,Optical,?????,VFL 6-24X56,-,-,-,-,-,-,-,-,20%,-,-,-,-,-,-,-,0,0,0,
37330230,8,Holographic,?????,EOT 518,-,-,4,8,-,-,-4,-,-,-,-,-,-,-,-,-,0,0,0,
37332226,8,Holographic,?????,EOT 518,-,-,4,7,-,-,-5,-,-,-,-,-,-,-,-,-,1,0,0,
37334237,12,Red Dot,?????,ITI MARS,-,-,-,12,-,-,-2,-,-,-,-,-,-,-,-,-,0,0,0,
37337271,234,Chip,?????,#2 Processor,-,-,8,-,-,-,15,-50%,-,-,-,-,-,-,-,-,0,0,0,Locked
37337615,224,Auxiliary Sights,?????,RMR T4 Red Dot Sight,-,-,-,10,-,-,-,-,13%,-,-,-,-,-,-,-,0,0,0,Locked
37338076,58,X-Exo,?????,IOP X4 Exoskeleton,-,-,-,-,9,-,-,-,-,-,-,-,-,-,-,-,0,0,0,Locked
37366684,32,HV Round,?????,APCR High-Velocity Ammo,-,-,12,-,-,-,-,-,-,-,-,-,-,-,-,-,0,0,4,Locked
37393524,16,Night Equip,?????,PEQ-16A,-,-,-,-,-,-,-,-,-,-,-,-,-,-,100%,-,0,0,6,Locked
37407671,162,Exclusive,?????,RPD Infantry Webbing,-,-,5,-,-2,-,-,-,-,-,-,-,-,-,-,4,17176,8,6,Locked
37420046,246,Exclusive,?????,RBL Grip,-,-,-,-,8,-,-,-,12%,-,-,-,-,-,-,-,1,0,0,Locked
37436915,4,Optical,?????,VFL 6-24X56,-,-,-,-,-,-,-,-,22%,-,-,-,-,-,-,-,0,0,0,
37450368,229,Special AP Round,?????,Mk1000 SLAP,-,-,-,-,-,-,-5,-,-,244,-,-,-,-,-,-,0,0,0,Locked
37466200,229,Special AP Round,?????,Mk1000 SLAP,-,-,-,-,-,-,-5,-,-,243,-,-,-,-,-,-,0,0,0,Locked
37476819,229,Special AP Round,?????,Mk1000 SLAP,-,-,-,-,-,-,-5,-,-,242,-,-,-,-,-,-,0,0,0,Locked
37504529,44,Armor Plate,?????,Type 3 Armor Plate,-,-,-,-,-2,-,-,-,-,-,6,-,-,-,-,-,0,0,0,
37517264,20,AP Round,?????,Mk211 High-Explosive Armor-Piercing Ammo,-,-,-,-,-,-,-,-,-,110,-,-,-,-,-,-,0,0,0,Locked
37529666,12,Red Dot,?????,ITI MARS,-,-,-,12,-,-,-3,-,-,-,-,-,-,-,-,-,0,0,0,
37529667,4,Optical,?????,VFL 6-24X56,-,-,-,-,-,-,-,-,20%,-,-,-,-,-,-,-,0,0,0,
37537538,229,Special AP Round,?????,Mk1000 SLAP,-,-,-,-,-,-,-5,-,-,500,-,-,-,-,-,-,10000,10,14,Locked
37578137,16,Night Equip,?????,PEQ-16A,-,-,-,-,-,-,-,-,-,-,-,-,-,-,93%,-,0,0,0,Locked
37589647,190,Exclusive,?????,G-box,95155182,Gr G11 Mod,10,4,-,-,-,10%,-,-,-,-,-,-,-,-,1,0,0,Locked
37599945,66,Silencer,?????,AC4 Suppressor,-,-,-,-,7,-,-,-,13%,-,-,-,-,-,-,-,0,0,0,Locked
37600788,80,Slug Shell,?????,SABOT Slug,-,-,-,8,-,-,-,-,-,-,-,-,-,-,-,-,0,0,0,Locked
37600789,229,Special AP Round,?????,Mk1000 SLAP,-,-,-,-,-,-,-5,-,-,240,-,-,-,-,-,-,0,0,0,Locked
37625986,229,Special AP Round,?????,Mk1000 SLAP,-,-,-,-,-,-,-5,-,-,244,-,-,-,-,-,-,0,0,0,Locked
37648396,12,Red Dot,?????,ITI MARS,-,-,-,11,-,-,-2,-,-,-,-,-,-,-,-,-,0,0,0,
37658803,30,HV Round,???,JSP High-Velocity Ammo,-,-,3,-,-,-,-,-,-,-,-,-,-,-,-,-,0,0,0,
37658804,56,X-Exo,???,IOP X2 Exoskeleton,-,-,-,-,4,-,-,-,-,-,-,-,-,-,-,-,0,0,0,
37658805,74,Buckshot Shell,???,#0 Buckshot,-,-,2,-,-,-,-,5%,-,-,-,-,-,-,-,-,0,0,0,
37658806,29,HV Round,??,FMJ High-Velocity Ammo,-,-,2,-,-,-,-,-,-,-,-,-,-,-,-,-,0,0,0,
37658807,10,Red Dot,???,AMP COMPM4,-,-,-,4,-,-,-1,-,-,-,-,-,-,-,-,-,0,0,0,
37658808,88,Camo Cloak,???,Camouflage Cape,-,-,-,-,-,-3,-,5%,-,-,-,-,-,-,-,-,0,0,0,
37658809,6,Holographic,???,EOT 512,-,-,1,2,-,-,-2,-,-,-,-,-,-,-,-,-,0,0,0,
37658810,11,Red Dot,????,COG M150,-,-,-,7,-,-,-2,-,-,-,-,-,-,-,-,-,0,0,0,
37658811,43,Armor Plate,????,Type 2 Armor Plate,-,-,-,-,-1,-,-,-,-,-,4,-,-,-,-,-,0,0,0,
37658812,11,Red Dot,????,COG M150,-,-,-,8,-,-,-2,-,-,-,-,-,-,-,-,-,0,0,0,
37658813,11,Red Dot,????,COG M150,-,-,-,7,-,-,-2,-,-,-,-,-,-,-,-,-,0,0,0,
