Datetime,Area ID,Area Boss,Remain Count,Capture Type,Capture Status,Sangvis ID,Sangvis Rank,Sangvis Name
2022-08-26 10:31:02,15,Hunter,99,PULSE,O,3005,?,Striker
2022-08-26 10:31:11,15,Hunter,98,PULSE,O,3010,?,Goliath Factory
2022-08-26 10:31:20,15,Hunter,97,PULSE,O,3006,?,Dinergate
2022-08-26 10:31:31,15,Hunter,96,PULSE,O,3004,?,Jaeger
2022-08-26 10:31:46,15,Hunter,95,PULSE,O,3002,?,Vespid
2022-08-26 10:31:58,15,Hunter,94,PULSE,O,3002,?,Vespid
2022-08-26 10:32:15,15,Hunter,93,PULSE,O,3003,?,Guard
2022-08-29 10:32:48,15,Hunter,92,PULSE,O,3003,?,Guard
2022-08-29 10:32:56,15,Hunter,91,PULSE,O,3001,?,Ripper
2022-08-29 10:33:06,15,Hunter,90,PULSE,O,3010,?,Goliath Factory
2022-08-29 10:33:19,15,Hunter,89,PULSE,O,3009,?,Jaguar
2022-08-29 10:33:28,15,Hunter,88,PULSE,O,3007,?,Scout
2022-08-29 10:33:40,15,Hunter,87,PULSE,O,3002,?,Vespid
2022-09-01 14:34:15,15,Hunter,99,PULSE,O,3010,?,Goliath Factory
2022-09-01 14:34:23,15,Hunter,98,PULSE,O,3002,?,Vespid
2022-09-01 14:34:31,15,Hunter,97,PULSE,O,3010,?,Goliath Factory
2022-09-01 14:34:39,15,Hunter,96,PULSE,O,3007,?,Scout
2022-09-01 14:34:47,15,Hunter,95,PULSE,O,3001,?,Ripper
2022-09-02 10:42:27,15,Hunter,94,SVAROG,O,2010,??,Vespid_SWAP
2022-09-02 10:42:27,15,Hunter,93,SVAROG,O,3002,?,Vespid
2022-09-02 10:42:27,15,Hunter,92,SVAROG,O,3007,?,Scout
2022-09-02 10:42:27,15,Hunter,91,SVAROG,O,2012,??,Dragoon_SWAP
2022-09-02 10:42:27,15,Hunter,90,SVAROG,O,2011,??,Prowler_SWAP
2022-09-02 10:42:27,15,Hunter,89,SVAROG,O,3003,?,Guard
2022-09-02 10:42:27,15,Hunter,88,SVAROG,O,2011,??,Prowler_SWAP
2022-09-02 10:42:27,15,Hunter,87,SVAROG,O,2012,??,Dragoon_SWAP
2022-09-02 10:42:27,15,Hunter,86,SVAROG,O,2009,??,Ripper SWAP
2022-09-02 10:42:27,15,Hunter,85,SVAROG,O,3003,?,Guard
2022-09-02 12:15:17,15,Hunter,84,PULSE,O,3005,?,Striker
2022-09-02 12:15:26,15,Hunter,83,PULSE,O,3006,?,Dinergate
2022-09-02 12:15:34,15,Hunter,82,PULSE,O,3007,?,Scout
2022-09-02 12:15:44,15,Hunter,81,PULSE,O,3006,?,Dinergate
2022-09-02 12:15:59,15,Hunter,80,PULSE,O,3008,?,Prowler
2022-09-02 12:16:12,15,Hunter,79,PULSE,O,3006,?,Dinergate
2022-09-02 12:16:26,15,Hunter,78,PULSE,O,3004,?,Jaeger
2022-09-02 12:16:43,15,Hunter,77,PULSE,O,3009,?,Jaguar
2022-09-05 12:45:35,15,Hunter,76,PULSE,O,3003,?,Guard
2022-09-05 12:45:43,15,Hunter,75,PULSE,O,3010,?,Goliath Factory
2022-09-05 12:45:52,15,Hunter,74,PULSE,O,3007,?,Scout
2022-09-05 12:46:39,15,Hunter,73,PULSE,O,3006,?,Dinergate
2022-09-05 12:47:32,15,Hunter,72,PULSE,O,3005,?,Striker
2022-09-05 12:48:49,15,Hunter,71,PULSE,O,3004,?,Jaeger
2022-09-05 12:49:17,15,Hunter,70,PULSE,O,3004,?,Jaeger
2022-09-05 12:49:43,15,Hunter,69,PULSE,O,3010,?,Goliath Factory
2022-09-05 12:50:04,15,Hunter,68,PULSE,O,3009,?,Jaguar
2022-09-05 12:51:14,15,Hunter,67,PULSE,O,3009,?,Jaguar
2022-09-05 12:51:31,15,Hunter,66,PULSE,O,3001,?,Ripper
2022-09-05 12:52:40,15,Hunter,65,PULSE,O,3002,?,Vespid
2022-09-05 12:52:58,15,Hunter,64,PULSE,O,3008,?,Prowler
2022-09-05 12:53:42,15,Hunter,63,PULSE,O,3010,?,Goliath Factory
2022-09-05 12:54:30,15,Hunter,63,PULSE,X,1003,???,Hunter
2022-09-05 12:55:46,15,Hunter,62,PULSE,O,3010,?,Goliath Factory
2022-09-05 12:56:50,15,Hunter,61,PULSE,O,3001,?,Ripper
2022-09-05 12:57:54,15,Hunter,60,PULSE,O,3009,?,Jaguar
2022-09-05 12:58:13,15,Hunter,59,PULSE,O,3004,?,Jaeger
2022-09-05 13:04:46,15,Hunter,58,SVAROG,O,3007,?,Scout
2022-09-05 13:04:50,15,Hunter,57,SVAROG,O,3008,?,Prowler
2022-09-05 13:04:53,15,Hunter,56,SVAROG,O,2012,??,Dragoon_SWAP
2022-09-05 13:04:56,15,Hunter,55,SVAROG,O,1003,???,Hunter
2022-09-09 10:14:20,15,Hunter,100,PULSE,X,2013,??,Striker_SWAP
2022-09-09 10:14:30,15,Hunter,99,PULSE,O,2005,??,Tarantula
2022-09-09 10:14:48,15,Hunter,98,PULSE,O,2005,??,Tarantula
2022-09-09 10:15:05,15,Hunter,98,PULSE,X,2011,??,Prowler_SWAP
2022-09-09 10:16:45,15,Hunter,98,PULSE,X,2012,??,Dragoon_SWAP
2022-09-14 21:48:31,15,Hunter,97,PULSE,O,3010,?,Goliath Factory
2022-09-14 21:48:41,15,Hunter,96,PULSE,O,3003,?,Guard
2022-09-14 21:48:51,15,Hunter,95,PULSE,O,2009,??,Ripper SWAP
2022-09-15 12:20:55,15,Hunter,95,PULSE,X,2010,??,Vespid_SWAP
2022-09-17 10:37:54,15,Hunter,94,PULSE,O,3010,?,Goliath Factory
2022-09-17 10:38:01,15,Hunter,93,PULSE,O,3007,?,Scout
2022-09-18 12:45:54,15,Hunter,92,PULSE,O,2013,??,Striker_SWAP
2022-09-18 12:46:07,15,Hunter,91,PULSE,O,3007,?,Scout
2022-09-20 09:10:46,17,,99,PULSE,O,3001,?,Ripper
2022-09-20 09:10:54,17,,98,PULSE,O,3010,?,Goliath Factory
2022-09-20 09:11:02,17,,97,PULSE,O,3010,?,Goliath Factory
2022-09-20 09:11:11,17,,96,PULSE,O,3001,?,Ripper
2022-09-20 09:11:19,17,,95,PULSE,O,3008,?,Prowler
2022-09-20 09:11:29,17,,94,PULSE,O,3007,?,Scout
2022-09-20 09:11:43,17,,93,SVAROG,O,3004,?,Jaeger
2022-09-20 09:11:43,17,,92,SVAROG,O,2002,??,Dragoon
2022-09-20 09:11:43,17,,91,SVAROG,O,2005,??,Tarantula
2022-09-20 09:11:43,17,,90,SVAROG,O,3004,?,Jaeger
2022-09-20 09:11:43,17,,89,SVAROG,O,3003,?,Guard
2022-09-20 09:11:43,17,,88,SVAROG,O,3010,?,Goliath Factory
2022-09-20 09:11:43,17,,87,SVAROG,O,3006,?,Dinergate
2022-09-20 09:11:43,17,,86,SVAROG,O,3009,?,Jaguar
2022-09-20 09:11:43,17,,85,SVAROG,O,3008,?,Prowler
2022-09-20 09:11:43,17,,84,SVAROG,O,3006,?,Dinergate
2022-09-20 09:11:52,17,,83,SVAROG,O,3004,?,Jaeger
2022-09-20 09:11:52,17,,82,SVAROG,O,3010,?,Goliath Factory
2022-09-20 09:11:52,17,,81,SVAROG,O,3006,?,Dinergate
2022-09-20 09:11:52,17,,80,SVAROG,O,3006,?,Dinergate
2022-09-20 09:11:52,17,,79,SVAROG,O,3010,?,Goliath Factory
2022-09-20 09:11:52,17,,78,SVAROG,O,3005,?,Striker
2022-09-20 09:11:52,17,,77,SVAROG,O,3004,?,Jaeger
2022-09-20 09:11:52,17,,76,SVAROG,O,3009,?,Jaguar
2022-09-20 09:11:52,17,,75,SVAROG,O,2006,??,Manticore
2022-09-20 09:11:52,17,,74,SVAROG,O,3002,?,Vespid
2022-09-20 09:11:58,17,,73,PULSE,O,3002,?,Vespid
2022-09-20 09:12:08,17,,72,SVAROG,O,3008,?,Prowler
2022-09-20 09:12:08,17,,71,SVAROG,O,2002,??,Dragoon
2022-09-20 09:12:08,17,,70,SVAROG,O,2005,??,Tarantula
2022-09-20 09:12:08,17,,69,SVAROG,O,3007,?,Scout
2022-09-20 09:12:08,17,,68,SVAROG,O,3006,?,Dinergate
2022-09-20 09:12:08,17,,67,SVAROG,O,2014,??,Aegis_SWAP
2022-09-20 09:12:08,17,,66,SVAROG,O,3001,?,Ripper
2022-09-20 09:12:08,17,,65,SVAROG,O,3010,?,Goliath Factory
2022-09-20 09:12:08,17,,64,SVAROG,O,2005,??,Tarantula
2022-09-20 09:12:08,17,,63,SVAROG,O,2006,??,Manticore
2022-09-20 09:12:16,17,,62,PULSE,O,3008,?,Prowler
2022-09-20 09:12:26,17,,61,SVAROG,O,2004,??,Nemeum
2022-09-20 09:12:26,17,,60,SVAROG,O,3005,?,Striker
2022-09-20 09:12:26,17,,59,SVAROG,O,2003,??,Aegis
2022-09-20 09:12:26,17,,58,SVAROG,O,3007,?,Scout
2022-09-20 09:12:26,17,,57,SVAROG,O,2006,??,Manticore
2022-09-20 09:12:26,17,,56,SVAROG,O,3005,?,Striker
2022-09-20 09:12:26,17,,55,SVAROG,O,3004,?,Jaeger
2022-09-20 09:12:26,17,,54,SVAROG,O,1004,???,Intruder
2022-09-20 09:12:26,17,,53,SVAROG,O,3005,?,Striker
2022-09-20 09:12:26,17,,52,SVAROG,O,3004,?,Jaeger
2022-09-26 12:02:23,17,Intruder,99,PULSE,O,3002,?,Vespid
2022-09-26 12:02:35,17,Intruder,98,PULSE,O,3009,?,Jaguar
2022-09-26 12:02:45,17,Intruder,97,PULSE,O,3007,?,Scout
2022-09-26 12:02:56,17,Intruder,96,PULSE,O,3005,?,Striker
2022-09-26 12:03:07,17,Intruder,95,PULSE,O,3007,?,Scout
2022-09-26 12:03:23,17,Intruder,94,PULSE,O,3008,?,Prowler
2022-09-26 12:03:45,17,Intruder,93,PULSE,O,3001,?,Ripper
2022-09-26 12:04:00,17,Intruder,92,PULSE,O,3004,?,Jaeger
2022-09-29 13:35:41,17,Intruder,91,PULSE,O,3005,?,Striker
2022-09-29 13:35:52,17,Intruder,90,PULSE,O,3002,?,Vespid
2022-09-29 13:36:00,17,Intruder,89,PULSE,O,3008,?,Prowler
2022-09-29 13:36:09,17,Intruder,88,PULSE,O,3001,?,Ripper
2022-09-29 13:36:18,17,Intruder,87,PULSE,O,3005,?,Striker
2022-09-29 13:36:28,17,Intruder,86,PULSE,O,3009,?,Jaguar
2022-09-29 13:36:38,17,Intruder,85,PULSE,O,3001,?,Ripper
2022-09-29 13:36:48,17,Intruder,84,PULSE,O,3003,?,Guard
2022-09-29 13:36:59,17,Intruder,83,PULSE,O,3002,?,Vespid
2022-09-29 13:37:09,17,Intruder,82,PULSE,O,3003,?,Guard
2022-10-03 22:05:55,17,Intruder,81,PULSE,O,3003,?,Guard
2022-10-03 22:06:05,17,Intruder,80,PULSE,O,3005,?,Striker
2022-10-03 22:06:14,17,Intruder,79,PULSE,O,3007,?,Scout
2022-10-03 22:06:23,17,Intruder,78,PULSE,O,3009,?,Jaguar
2022-10-03 22:06:32,17,Intruder,77,PULSE,O,3006,?,Dinergate
2022-10-03 22:06:43,17,Intruder,76,PULSE,O,3006,?,Dinergate
2022-10-03 22:06:54,17,Intruder,75,PULSE,O,3004,?,Jaeger
2022-10-03 22:07:08,17,Intruder,74,PULSE,O,3003,?,Guard
2022-10-03 22:07:20,17,Intruder,73,PULSE,O,3004,?,Jaeger
2022-10-07 10:33:25,17,Intruder,68,PULSE,O,3006,?,Dinergate
2022-10-07 10:33:37,17,Intruder,67,PULSE,O,3004,?,Jaeger
2022-10-07 10:33:48,17,Intruder,66,PULSE,O,3001,?,Ripper
2022-10-07 10:33:59,17,Intruder,65,PULSE,O,3009,?,Jaguar
2022-10-07 10:39:54,17,Intruder,64,PULSE,O,3001,?,Ripper
2022-10-07 10:40:06,17,Intruder,63,PULSE,O,3008,?,Prowler
2022-10-07 10:40:21,17,Intruder,62,SVAROG,O,3008,?,Prowler
2022-10-07 10:40:24,17,Intruder,61,SVAROG,O,3004,?,Jaeger
2022-10-07 10:40:27,17,Intruder,60,SVAROG,O,2003,??,Aegis
2022-10-07 10:40:32,17,Intruder,59,SVAROG,O,3010,?,Goliath Factory
2022-10-07 10:40:34,17,Intruder,58,SVAROG,O,2004,??,Nemeum
2022-10-07 10:40:37,17,Intruder,57,SVAROG,O,3009,?,Jaguar
2022-10-07 10:40:40,17,Intruder,56,SVAROG,O,2001,??,Brute
2022-10-07 10:40:43,17,Intruder,55,SVAROG,O,2014,??,Aegis_SWAP
2022-10-07 10:40:46,17,Intruder,54,SVAROG,O,2014,??,Aegis_SWAP
2022-10-07 10:40:49,17,Intruder,53,SVAROG,O,2002,??,Dragoon
2022-10-07 10:40:55,17,Intruder,52,SVAROG,O,3010,?,Goliath Factory
2022-10-07 10:40:58,17,Intruder,51,SVAROG,O,3002,?,Vespid
2022-10-07 10:41:00,17,Intruder,50,SVAROG,O,3010,?,Goliath Factory
2022-10-07 10:41:02,17,Intruder,49,SVAROG,O,2003,??,Aegis
2022-10-07 10:41:04,17,Intruder,48,SVAROG,O,3006,?,Dinergate
2022-10-07 10:41:06,17,Intruder,47,SVAROG,O,3008,?,Prowler
2022-10-07 10:41:09,17,Intruder,46,SVAROG,O,2003,??,Aegis
2022-10-07 10:41:11,17,Intruder,45,SVAROG,O,2006,??,Manticore
2022-10-07 10:41:15,17,Intruder,44,SVAROG,O,3009,?,Jaguar
2022-10-07 10:41:17,17,Intruder,43,SVAROG,O,2014,??,Aegis_SWAP
2022-10-07 10:41:20,17,Intruder,42,SVAROG,O,3003,?,Guard
2022-10-07 10:41:23,17,Intruder,41,SVAROG,O,3006,?,Dinergate
2022-10-07 10:41:26,17,Intruder,40,SVAROG,O,2004,??,Nemeum
2022-10-07 10:41:29,17,Intruder,39,SVAROG,O,2005,??,Tarantula
2022-10-07 10:41:31,17,Intruder,38,SVAROG,O,3009,?,Jaguar
2022-10-07 10:43:01,17,Intruder,37,SVAROG,O,2006,??,Manticore
2022-10-07 10:43:04,17,Intruder,36,SVAROG,O,3002,?,Vespid
2022-10-07 10:43:06,17,Intruder,35,SVAROG,O,3003,?,Guard
2022-10-07 10:43:09,17,Intruder,34,SVAROG,O,3001,?,Ripper
2022-10-07 10:43:11,17,Intruder,33,SVAROG,O,3010,?,Goliath Factory
2022-10-07 10:43:14,17,Intruder,32,SVAROG,O,2004,??,Nemeum
2022-10-07 10:43:18,17,Intruder,31,SVAROG,O,1004,???,Intruder
2022-10-10 10:56:11,17,Intruder,31,PULSE,X,2001,??,Brute
2022-10-10 10:56:20,17,Intruder,31,PULSE,X,2004,??,Nemeum
2022-10-10 10:56:31,17,Intruder,30,PULSE,O,2005,??,Tarantula
2022-10-10 10:56:48,17,Intruder,100,PULSE,X,2005,??,Tarantula
2022-10-13 12:08:20,17,Intruder,99,PULSE,O,2006,??,Manticore
2022-10-13 12:08:34,17,Intruder,99,PULSE,X,2004,??,Nemeum
2022-10-13 12:08:44,17,Intruder,98,PULSE,O,3010,?,Goliath Factory
2022-10-13 12:08:59,17,Intruder,97,PULSE,O,2014,??,Aegis_SWAP
2022-10-13 12:09:10,17,Intruder,96,PULSE,O,3001,?,Ripper
2022-10-16 12:08:32,17,Intruder,96,PULSE,X,2002,??,Dragoon
2022-10-18 07:16:21,27,Intruder - Sorceress of the End,59,SVAROG,O,3003,?,Guard
2022-10-18 07:16:21,27,Intruder - Sorceress of the End,58,SVAROG,O,3007,?,Scout
2022-10-18 07:16:21,27,Intruder - Sorceress of the End,57,SVAROG,O,2008,??,Guard_SWAP
2022-10-18 07:16:21,27,Intruder - Sorceress of the End,56,SVAROG,O,3006,?,Dinergate
2022-10-18 07:16:21,27,Intruder - Sorceress of the End,55,SVAROG,O,2005,??,Tarantula
2022-10-18 07:16:21,27,Intruder - Sorceress of the End,54,SVAROG,O,2006,??,Manticore
2022-10-18 07:16:21,27,Intruder - Sorceress of the End,53,SVAROG,O,3010,?,Goliath Factory
2022-10-18 07:16:21,27,Intruder - Sorceress of the End,52,SVAROG,O,3006,?,Dinergate
2022-10-18 07:16:21,27,Intruder - Sorceress of the End,51,SVAROG,O,2017,??,Zombie Bride
2022-10-18 07:16:21,27,Intruder - Sorceress of the End,50,SVAROG,O,3004,?,Jaeger
2022-10-18 07:16:32,27,Intruder - Sorceress of the End,49,SVAROG,O,3004,?,Jaeger
2022-10-18 07:16:41,27,Intruder - Sorceress of the End,48,SVAROG,O,3001,?,Ripper
2022-10-18 07:16:45,27,Intruder - Sorceress of the End,47,SVAROG,O,2009,??,Ripper SWAP
2022-10-18 07:16:48,27,Intruder - Sorceress of the End,46,SVAROG,O,2003,??,Aegis
2022-10-18 07:16:52,27,Intruder - Sorceress of the End,45,SVAROG,O,3005,?,Striker
2022-10-18 07:16:55,27,Intruder - Sorceress of the End,44,SVAROG,O,3003,?,Guard
2022-10-18 07:16:58,27,Intruder - Sorceress of the End,43,SVAROG,O,3009,?,Jaguar
2022-10-18 07:17:00,27,Intruder - Sorceress of the End,42,SVAROG,O,2003,??,Aegis
2022-10-18 07:17:02,27,Intruder - Sorceress of the End,41,SVAROG,O,3008,?,Prowler
2022-10-18 07:17:06,27,Intruder - Sorceress of the End,40,SVAROG,O,3002,?,Vespid
2022-10-18 07:17:08,27,Intruder - Sorceress of the End,39,SVAROG,O,2017,??,Zombie Bride
2022-10-18 07:17:10,27,Intruder - Sorceress of the End,38,SVAROG,O,3004,?,Jaeger
2022-10-18 07:17:12,27,Intruder - Sorceress of the End,37,SVAROG,O,3003,?,Guard
2022-10-18 07:17:14,27,Intruder - Sorceress of the End,36,SVAROG,O,3002,?,Vespid
2022-10-18 07:17:17,27,Intruder - Sorceress of the End,35,SVAROG,O,3010,?,Goliath Factory
2022-10-18 07:17:19,27,Intruder - Sorceress of the End,34,SVAROG,O,2009,??,Ripper SWAP
2022-10-18 07:17:21,27,Intruder - Sorceress of the End,33,SVAROG,O,3001,?,Ripper
2022-10-18 07:17:23,27,Intruder - Sorceress of the End,32,SVAROG,O,3007,?,Scout
2022-10-18 07:17:25,27,Intruder - Sorceress of the End,31,SVAROG,O,2008,??,Guard_SWAP
2022-10-18 07:17:27,27,Intruder - Sorceress of the End,30,SVAROG,O,3010,?,Goliath Factory
2022-10-18 07:17:29,27,Intruder - Sorceress of the End,29,SVAROG,O,3009,?,Jaguar
2022-10-18 07:17:31,27,Intruder - Sorceress of the End,28,SVAROG,O,2008,??,Guard_SWAP
2022-10-18 07:17:33,27,Intruder - Sorceress of the End,27,SVAROG,O,3003,?,Guard
2022-10-18 07:17:35,27,Intruder - Sorceress of the End,26,SVAROG,O,3001,?,Ripper
2022-10-18 07:17:36,27,Intruder - Sorceress of the End,25,SVAROG,O,3008,?,Prowler
2022-10-18 07:17:38,27,Intruder - Sorceress of the End,24,SVAROG,O,3001,?,Ripper
2022-10-18 07:17:40,27,Intruder - Sorceress of the End,23,SVAROG,O,3002,?,Vespid
2022-10-18 07:17:42,27,Intruder - Sorceress of the End,22,SVAROG,O,3007,?,Scout
2022-10-18 07:17:43,27,Intruder - Sorceress of the End,21,SVAROG,O,3001,?,Ripper
2022-10-18 07:17:45,27,Intruder - Sorceress of the End,20,SVAROG,O,3008,?,Prowler
2022-10-18 07:17:47,27,Intruder - Sorceress of the End,19,SVAROG,O,2008,??,Guard_SWAP
2022-10-18 07:17:49,27,Intruder - Sorceress of the End,18,SVAROG,O,2005,??,Tarantula
2022-10-18 07:17:52,27,Intruder - Sorceress of the End,17,SVAROG,O,2017,??,Zombie Bride
2022-10-18 07:20:08,27,Intruder - Sorceress of the End,16,SVAROG,O,3004,?,Jaeger
2022-10-18 07:20:10,27,Intruder - Sorceress of the End,15,SVAROG,O,3009,?,Jaguar
2022-10-18 07:20:14,27,Intruder - Sorceress of the End,14,SVAROG,O,3004,?,Jaeger
2022-10-18 07:20:18,27,Intruder - Sorceress of the End,13,SVAROG,O,2003,??,Aegis
2022-10-18 07:20:20,27,Intruder - Sorceress of the End,12,SVAROG,O,3002,?,Vespid
2022-10-18 07:20:22,27,Intruder - Sorceress of the End,11,SVAROG,O,1016,???,Intruder - Sorceress of the End
2022-10-18 07:20:39,27,Intruder - Sorceress of the End,99,SVAROG,O,2004,??,Nemeum
2022-10-18 07:20:39,27,Intruder - Sorceress of the End,98,SVAROG,O,3009,?,Jaguar
2022-10-18 07:20:39,27,Intruder - Sorceress of the End,97,SVAROG,O,3004,?,Jaeger
2022-10-18 07:20:39,27,Intruder - Sorceress of the End,96,SVAROG,O,3003,?,Guard
2022-10-18 07:20:39,27,Intruder - Sorceress of the End,95,SVAROG,O,3005,?,Striker
2022-10-18 07:20:39,27,Intruder - Sorceress of the End,94,SVAROG,O,2003,??,Aegis
2022-10-18 07:20:39,27,Intruder - Sorceress of the End,93,SVAROG,O,3001,?,Ripper
2022-10-18 07:20:39,27,Intruder - Sorceress of the End,92,SVAROG,O,3008,?,Prowler
2022-10-18 07:20:39,27,Intruder - Sorceress of the End,91,SVAROG,O,3007,?,Scout
2022-10-18 07:20:39,27,Intruder - Sorceress of the End,90,SVAROG,O,3010,?,Goliath Factory
2022-10-18 07:20:45,27,Intruder - Sorceress of the End,89,SVAROG,O,2008,??,Guard_SWAP
2022-10-18 07:20:45,27,Intruder - Sorceress of the End,88,SVAROG,O,2004,??,Nemeum
2022-10-18 07:20:45,27,Intruder - Sorceress of the End,87,SVAROG,O,2017,??,Zombie Bride
2022-10-18 07:20:45,27,Intruder - Sorceress of the End,86,SVAROG,O,3010,?,Goliath Factory
2022-10-18 07:20:45,27,Intruder - Sorceress of the End,85,SVAROG,O,3005,?,Striker
2022-10-18 07:20:45,27,Intruder - Sorceress of the End,84,SVAROG,O,3010,?,Goliath Factory
2022-10-18 07:20:45,27,Intruder - Sorceress of the End,83,SVAROG,O,3008,?,Prowler
2022-10-18 07:20:45,27,Intruder - Sorceress of the End,82,SVAROG,O,3002,?,Vespid
2022-10-18 07:20:45,27,Intruder - Sorceress of the End,81,SVAROG,O,2006,??,Manticore
2022-10-18 07:20:45,27,Intruder - Sorceress of the End,80,SVAROG,O,3004,?,Jaeger
2022-10-18 07:20:50,27,Intruder - Sorceress of the End,79,SVAROG,O,3005,?,Striker
2022-10-18 07:20:50,27,Intruder - Sorceress of the End,78,SVAROG,O,3004,?,Jaeger
2022-10-18 07:20:50,27,Intruder - Sorceress of the End,77,SVAROG,O,3001,?,Ripper
2022-10-18 07:20:50,27,Intruder - Sorceress of the End,76,SVAROG,O,3007,?,Scout
2022-10-18 07:20:50,27,Intruder - Sorceress of the End,75,SVAROG,O,2008,??,Guard_SWAP
2022-10-18 07:20:50,27,Intruder - Sorceress of the End,74,SVAROG,O,3007,?,Scout
2022-10-18 07:20:50,27,Intruder - Sorceress of the End,73,SVAROG,O,3003,?,Guard
2022-10-18 07:20:50,27,Intruder - Sorceress of the End,72,SVAROG,O,3009,?,Jaguar
2022-10-18 07:20:50,27,Intruder - Sorceress of the End,71,SVAROG,O,2008,??,Guard_SWAP
2022-10-18 07:20:50,27,Intruder - Sorceress of the End,70,SVAROG,O,3008,?,Prowler
2022-10-18 07:20:55,27,Intruder - Sorceress of the End,69,SVAROG,O,2008,??,Guard_SWAP
2022-10-18 07:20:55,27,Intruder - Sorceress of the End,68,SVAROG,O,2017,??,Zombie Bride
2022-10-18 07:20:55,27,Intruder - Sorceress of the End,67,SVAROG,O,2005,??,Tarantula
2022-10-18 07:20:55,27,Intruder - Sorceress of the End,66,SVAROG,O,3007,?,Scout
2022-10-18 07:20:55,27,Intruder - Sorceress of the End,65,SVAROG,O,3006,?,Dinergate
2022-10-18 07:20:55,27,Intruder - Sorceress of the End,64,SVAROG,O,2006,??,Manticore
2022-10-18 07:20:55,27,Intruder - Sorceress of the End,63,SVAROG,O,3005,?,Striker
2022-10-18 07:20:55,27,Intruder - Sorceress of the End,62,SVAROG,O,3006,?,Dinergate
2022-10-18 07:20:55,27,Intruder - Sorceress of the End,61,SVAROG,O,2005,??,Tarantula
2022-10-18 07:20:55,27,Intruder - Sorceress of the End,60,SVAROG,O,3010,?,Goliath Factory
2022-10-18 07:21:02,27,Intruder - Sorceress of the End,60,PULSE,X,1016,???,Intruder - Sorceress of the End
2022-10-18 07:21:11,27,Intruder - Sorceress of the End,59,SVAROG,O,3004,?,Jaeger
2022-10-18 07:21:11,27,Intruder - Sorceress of the End,58,SVAROG,O,3006,?,Dinergate
2022-10-18 07:21:11,27,Intruder - Sorceress of the End,57,SVAROG,O,2004,??,Nemeum
2022-10-18 07:21:11,27,Intruder - Sorceress of the End,56,SVAROG,O,3002,?,Vespid
2022-10-18 07:21:11,27,Intruder - Sorceress of the End,55,SVAROG,O,3010,?,Goliath Factory
2022-10-18 07:21:11,27,Intruder - Sorceress of the End,54,SVAROG,O,3010,?,Goliath Factory
2022-10-18 07:21:11,27,Intruder - Sorceress of the End,53,SVAROG,O,3005,?,Striker
2022-10-18 07:21:11,27,Intruder - Sorceress of the End,52,SVAROG,O,2006,??,Manticore
2022-10-18 07:21:11,27,Intruder - Sorceress of the End,51,SVAROG,O,2003,??,Aegis
2022-10-18 07:21:11,27,Intruder - Sorceress of the End,50,SVAROG,O,2009,??,Ripper SWAP
2022-10-18 07:21:19,27,Intruder - Sorceress of the End,49,SVAROG,O,2009,??,Ripper SWAP
2022-10-18 07:21:22,27,Intruder - Sorceress of the End,48,SVAROG,O,3006,?,Dinergate
2022-10-18 07:22:14,27,Intruder - Sorceress of the End,47,SVAROG,O,3006,?,Dinergate
2022-10-18 07:22:17,27,Intruder - Sorceress of the End,46,SVAROG,O,3008,?,Prowler
2022-10-18 07:22:19,27,Intruder - Sorceress of the End,45,SVAROG,O,2017,??,Zombie Bride
2022-10-18 07:22:22,27,Intruder - Sorceress of the End,44,SVAROG,O,1016,???,Intruder - Sorceress of the End
2022-10-18 07:26:26,18,Destroyer,99,PULSE,O,3003,?,Guard
2022-10-18 07:26:35,18,Destroyer,98,PULSE,O,3008,?,Prowler
2022-10-18 07:26:44,18,Destroyer,97,PULSE,O,3009,?,Jaguar
2022-10-18 07:29:27,18,Destroyer,96,SVAROG,O,2005,??,Tarantula
2022-10-18 07:29:27,18,Destroyer,95,SVAROG,O,2008,??,Guard_SWAP
2022-10-18 07:29:27,18,Destroyer,94,SVAROG,O,3008,?,Prowler
2022-10-18 07:29:27,18,Destroyer,93,SVAROG,O,3002,?,Vespid
2022-10-18 07:29:27,18,Destroyer,92,SVAROG,O,3003,?,Guard
2022-10-18 07:29:27,18,Destroyer,91,SVAROG,O,3010,?,Goliath Factory
2022-10-18 07:29:27,18,Destroyer,90,SVAROG,O,3002,?,Vespid
2022-10-18 07:29:27,18,Destroyer,89,SVAROG,O,3004,?,Jaeger
2022-10-18 07:29:27,18,Destroyer,88,SVAROG,O,3005,?,Striker
2022-10-18 07:29:27,18,Destroyer,87,SVAROG,O,3004,?,Jaeger
2022-10-18 07:29:32,18,Destroyer,86,PULSE,O,3007,?,Scout
2022-10-18 07:29:43,18,Destroyer,85,PULSE,O,3006,?,Dinergate
2022-10-18 07:34:18,18,Destroyer,84,PULSE,O,3005,?,Striker
2022-10-18 07:34:30,18,Destroyer,83,PULSE,O,3002,?,Vespid
2022-10-18 07:34:42,18,Destroyer,82,PULSE,O,3008,?,Prowler
2022-10-18 07:34:54,18,Destroyer,81,PULSE,O,3010,?,Goliath Factory
2022-10-18 07:35:12,18,Destroyer,80,SVAROG,O,3004,?,Jaeger
2022-10-18 07:35:12,18,Destroyer,79,SVAROG,O,3010,?,Goliath Factory
2022-10-18 07:35:12,18,Destroyer,78,SVAROG,O,3009,?,Jaguar
2022-10-18 07:35:12,18,Destroyer,77,SVAROG,O,2015,??,Jaeger SWAP
2022-10-18 07:35:12,18,Destroyer,76,SVAROG,O,3007,?,Scout
2022-10-18 07:35:12,18,Destroyer,75,SVAROG,O,2005,??,Tarantula
2022-10-18 07:35:12,18,Destroyer,74,SVAROG,O,3006,?,Dinergate
2022-10-18 07:35:12,18,Destroyer,73,SVAROG,O,3003,?,Guard
2022-10-18 07:35:12,18,Destroyer,72,SVAROG,O,3009,?,Jaguar
2022-10-18 07:35:12,18,Destroyer,71,SVAROG,O,3010,?,Goliath Factory
2022-10-18 07:35:17,18,Destroyer,70,SVAROG,O,3008,?,Prowler
2022-10-18 07:35:17,18,Destroyer,69,SVAROG,O,3001,?,Ripper
2022-10-18 07:35:17,18,Destroyer,68,SVAROG,O,3004,?,Jaeger
2022-10-18 07:35:17,18,Destroyer,67,SVAROG,O,2010,??,Vespid_SWAP
2022-10-18 07:35:17,18,Destroyer,66,SVAROG,O,3006,?,Dinergate
2022-10-18 07:35:17,18,Destroyer,65,SVAROG,O,3010,?,Goliath Factory
2022-10-18 07:35:17,18,Destroyer,64,SVAROG,O,3009,?,Jaguar
2022-10-18 07:35:17,18,Destroyer,63,SVAROG,O,3008,?,Prowler
2022-10-18 07:35:17,18,Destroyer,62,SVAROG,O,3006,?,Dinergate
2022-10-18 07:35:17,18,Destroyer,61,SVAROG,O,3001,?,Ripper
2022-10-18 07:35:23,18,Destroyer,60,SVAROG,O,3010,?,Goliath Factory
2022-10-18 07:35:23,18,Destroyer,59,SVAROG,O,2013,??,Striker_SWAP
2022-10-18 07:35:23,18,Destroyer,58,SVAROG,O,3001,?,Ripper
2022-10-18 07:35:23,18,Destroyer,57,SVAROG,O,3003,?,Guard
2022-10-18 07:35:23,18,Destroyer,56,SVAROG,O,2012,??,Dragoon_SWAP
2022-10-18 07:35:23,18,Destroyer,55,SVAROG,O,3010,?,Goliath Factory
2022-10-18 07:35:23,18,Destroyer,54,SVAROG,O,2010,??,Vespid_SWAP
2022-10-18 07:35:23,18,Destroyer,53,SVAROG,O,2005,??,Tarantula
2022-10-18 07:35:23,18,Destroyer,52,SVAROG,O,3005,?,Striker
2022-10-18 07:35:23,18,Destroyer,51,SVAROG,O,2012,??,Dragoon_SWAP
2022-10-18 07:35:30,18,Destroyer,51,PULSE,X,1005,???,Destroyer
2022-10-18 07:35:44,18,Destroyer,50,PULSE,O,3001,?,Ripper
2022-10-18 07:35:57,18,Destroyer,49,PULSE,O,3006,?,Dinergate
2022-10-18 07:37:13,18,Destroyer,48,SVAROG,O,3003,?,Guard
2022-10-18 07:37:16,18,Destroyer,47,SVAROG,O,3009,?,Jaguar
2022-10-18 07:37:18,18,Destroyer,46,SVAROG,O,3004,?,Jaeger
2022-10-18 07:37:20,18,Destroyer,45,SVAROG,O,2009,??,Ripper SWAP
2022-10-18 07:37:22,18,Destroyer,44,SVAROG,O,3002,?,Vespid
2022-10-18 07:37:24,18,Destroyer,43,SVAROG,O,2008,??,Guard_SWAP
2022-10-18 07:39:30,18,Destroyer,42,SVAROG,O,2015,??,Jaeger SWAP
2022-10-18 07:39:34,18,Destroyer,41,SVAROG,O,3005,?,Striker
2022-10-18 07:39:37,18,Destroyer,40,SVAROG,O,2008,??,Guard_SWAP
2022-10-18 07:39:40,18,Destroyer,39,SVAROG,O,2015,??,Jaeger SWAP
2022-10-18 07:39:42,18,Destroyer,38,SVAROG,O,2013,??,Striker_SWAP
2022-10-18 07:39:45,18,Destroyer,37,SVAROG,O,2012,??,Dragoon_SWAP
2022-10-18 07:39:48,18,Destroyer,36,SVAROG,O,3005,?,Striker
2022-10-18 07:39:50,18,Destroyer,35,SVAROG,O,3001,?,Ripper
2022-10-18 07:39:52,18,Destroyer,34,SVAROG,O,3009,?,Jaguar
2022-10-18 07:39:54,18,Destroyer,33,SVAROG,O,3002,?,Vespid
2022-10-18 07:39:56,18,Destroyer,32,SVAROG,O,3009,?,Jaguar
2022-10-18 07:39:59,18,Destroyer,31,SVAROG,O,3002,?,Vespid
2022-10-18 07:40:01,18,Destroyer,30,SVAROG,O,2009,??,Ripper SWAP
2022-10-18 07:40:03,18,Destroyer,29,SVAROG,O,2009,??,Ripper SWAP
2022-10-18 07:40:06,18,Destroyer,28,SVAROG,O,2009,??,Ripper SWAP
2022-10-18 07:40:08,18,Destroyer,27,SVAROG,O,2013,??,Striker_SWAP
2022-10-18 07:40:10,18,Destroyer,26,SVAROG,O,2005,??,Tarantula
2022-10-18 07:40:12,18,Destroyer,25,SVAROG,O,3002,?,Vespid
2022-10-18 07:40:15,18,Destroyer,24,SVAROG,O,3010,?,Goliath Factory
2022-10-18 07:43:36,18,Destroyer,23,SVAROG,O,3001,?,Ripper
2022-10-18 07:43:39,18,Destroyer,22,SVAROG,O,3006,?,Dinergate
2022-10-18 07:43:42,18,Destroyer,21,SVAROG,O,2013,??,Striker_SWAP
2022-10-18 07:43:44,18,Destroyer,20,SVAROG,O,3007,?,Scout
2022-10-18 07:43:45,18,Destroyer,19,SVAROG,O,2010,??,Vespid_SWAP
2022-10-18 07:43:47,18,Destroyer,18,SVAROG,O,3008,?,Prowler
2022-10-18 07:43:49,18,Destroyer,17,SVAROG,O,2010,??,Vespid_SWAP
2022-10-18 07:43:51,18,Destroyer,16,SVAROG,O,3004,?,Jaeger
2022-10-18 07:43:53,18,Destroyer,15,SVAROG,O,3003,?,Guard
2022-10-18 07:43:55,18,Destroyer,14,SVAROG,O,2015,??,Jaeger SWAP
2022-10-18 07:43:56,18,Destroyer,13,SVAROG,O,3005,?,Striker
2022-10-18 07:43:58,18,Destroyer,12,SVAROG,O,3007,?,Scout
2022-10-18 07:44:00,18,Destroyer,11,SVAROG,O,3007,?,Scout
2022-10-18 07:44:02,18,Destroyer,10,SVAROG,O,2008,??,Guard_SWAP
2022-10-18 07:44:04,18,Destroyer,9,SVAROG,O,3001,?,Ripper
2022-10-18 07:44:05,18,Destroyer,8,SVAROG,O,2012,??,Dragoon_SWAP
2022-10-18 07:44:07,18,Destroyer,7,SVAROG,O,3007,?,Scout
2022-10-18 07:44:09,18,Destroyer,6,SVAROG,O,1005,???,Destroyer
2022-10-18 07:44:34,18,Destroyer,99,SVAROG,O,3002,?,Vespid
2022-10-18 07:44:34,18,Destroyer,98,SVAROG,O,2005,??,Tarantula
2022-10-18 07:44:34,18,Destroyer,97,SVAROG,O,3001,?,Ripper
2022-10-18 07:44:34,18,Destroyer,96,SVAROG,O,2013,??,Striker_SWAP
2022-10-18 07:44:34,18,Destroyer,95,SVAROG,O,3007,?,Scout
2022-10-18 07:44:34,18,Destroyer,94,SVAROG,O,3006,?,Dinergate
2022-10-18 07:44:34,18,Destroyer,93,SVAROG,O,3009,?,Jaguar
2022-10-18 07:44:34,18,Destroyer,92,SVAROG,O,3006,?,Dinergate
2022-10-18 07:44:34,18,Destroyer,91,SVAROG,O,3001,?,Ripper
2022-10-18 07:44:34,18,Destroyer,90,SVAROG,O,3010,?,Goliath Factory
2022-10-18 07:44:39,18,Destroyer,89,SVAROG,O,3005,?,Striker
2022-10-18 07:44:39,18,Destroyer,88,SVAROG,O,3002,?,Vespid
2022-10-18 07:44:39,18,Destroyer,87,SVAROG,O,3002,?,Vespid
2022-10-18 07:44:39,18,Destroyer,86,SVAROG,O,3004,?,Jaeger
2022-10-18 07:44:39,18,Destroyer,85,SVAROG,O,3006,?,Dinergate
2022-10-18 07:44:39,18,Destroyer,84,SVAROG,O,3008,?,Prowler
2022-10-18 07:44:39,18,Destroyer,83,SVAROG,O,3003,?,Guard
2022-10-18 07:44:39,18,Destroyer,82,SVAROG,O,3006,?,Dinergate
2022-10-18 07:44:39,18,Destroyer,81,SVAROG,O,2012,??,Dragoon_SWAP
2022-10-18 07:44:39,18,Destroyer,80,SVAROG,O,3001,?,Ripper
2022-10-18 07:44:45,18,Destroyer,79,SVAROG,O,3007,?,Scout
2022-10-18 07:44:45,18,Destroyer,78,SVAROG,O,3008,?,Prowler
2022-10-18 07:44:45,18,Destroyer,77,SVAROG,O,2013,??,Striker_SWAP
2022-10-18 07:44:45,18,Destroyer,76,SVAROG,O,3001,?,Ripper
2022-10-18 07:44:45,18,Destroyer,75,SVAROG,O,3007,?,Scout
2022-10-18 07:44:45,18,Destroyer,74,SVAROG,O,3006,?,Dinergate
2022-10-18 07:44:45,18,Destroyer,73,SVAROG,O,2009,??,Ripper SWAP
2022-10-18 07:44:45,18,Destroyer,72,SVAROG,O,3004,?,Jaeger
2022-10-18 07:44:45,18,Destroyer,71,SVAROG,O,3008,?,Prowler
2022-10-18 07:44:45,18,Destroyer,70,SVAROG,O,2015,??,Jaeger SWAP
2022-10-18 07:46:29,18,Destroyer,69,SVAROG,O,2015,??,Jaeger SWAP
2022-10-18 07:46:29,18,Destroyer,68,SVAROG,O,3004,?,Jaeger
2022-10-18 07:46:29,18,Destroyer,67,SVAROG,O,2008,??,Guard_SWAP
2022-10-18 07:46:29,18,Destroyer,66,SVAROG,O,3005,?,Striker
2022-10-18 07:46:29,18,Destroyer,65,SVAROG,O,2012,??,Dragoon_SWAP
2022-10-18 07:46:29,18,Destroyer,64,SVAROG,O,3003,?,Guard
2022-10-18 07:46:29,18,Destroyer,63,SVAROG,O,3007,?,Scout
2022-10-18 07:46:29,18,Destroyer,62,SVAROG,O,2009,??,Ripper SWAP
2022-10-18 07:46:29,18,Destroyer,61,SVAROG,O,3005,?,Striker
2022-10-18 07:46:29,18,Destroyer,60,SVAROG,O,2010,??,Vespid_SWAP
2022-10-18 07:46:36,18,Destroyer,59,SVAROG,O,3010,?,Goliath Factory
2022-10-18 07:46:36,18,Destroyer,58,SVAROG,O,3002,?,Vespid
2022-10-18 07:46:36,18,Destroyer,57,SVAROG,O,3001,?,Ripper
2022-10-18 07:46:36,18,Destroyer,56,SVAROG,O,2005,??,Tarantula
2022-10-18 07:46:36,18,Destroyer,55,SVAROG,O,3002,?,Vespid
2022-10-18 07:46:36,18,Destroyer,54,SVAROG,O,2013,??,Striker_SWAP
2022-10-18 07:46:36,18,Destroyer,53,SVAROG,O,3009,?,Jaguar
2022-10-18 07:46:36,18,Destroyer,52,SVAROG,O,3002,?,Vespid
2022-10-18 07:46:36,18,Destroyer,51,SVAROG,O,2013,??,Striker_SWAP
2022-10-18 07:46:36,18,Destroyer,50,SVAROG,O,3008,?,Prowler
2022-10-18 07:46:40,18,Destroyer,49,SVAROG,O,2005,??,Tarantula
2022-10-18 07:46:40,18,Destroyer,48,SVAROG,O,3010,?,Goliath Factory
2022-10-18 07:46:40,18,Destroyer,47,SVAROG,O,3008,?,Prowler
2022-10-18 07:46:40,18,Destroyer,46,SVAROG,O,2015,??,Jaeger SWAP
2022-10-18 07:46:40,18,Destroyer,45,SVAROG,O,3005,?,Striker
2022-10-18 07:46:40,18,Destroyer,44,SVAROG,O,2008,??,Guard_SWAP
2022-10-18 07:46:40,18,Destroyer,43,SVAROG,O,2008,??,Guard_SWAP
2022-10-18 07:46:40,18,Destroyer,42,SVAROG,O,3005,?,Striker
2022-10-18 07:46:40,18,Destroyer,41,SVAROG,O,3006,?,Dinergate
2022-10-18 07:46:40,18,Destroyer,40,SVAROG,O,3004,?,Jaeger
2022-10-18 07:46:47,18,Destroyer,39,SVAROG,O,3003,?,Guard
2022-10-18 07:46:48,18,Destroyer,38,SVAROG,O,3004,?,Jaeger
2022-10-18 07:46:50,18,Destroyer,37,SVAROG,O,3010,?,Goliath Factory
2022-10-18 07:46:52,18,Destroyer,36,SVAROG,O,3003,?,Guard
2022-10-21 11:49:00,18,Destroyer,99,PULSE,O,3004,?,Jaeger
2022-10-21 11:49:11,18,Destroyer,98,PULSE,O,3007,?,Scout
2022-10-21 11:49:20,18,Destroyer,97,PULSE,O,3009,?,Jaguar
2022-10-21 11:49:29,18,Destroyer,96,PULSE,O,3001,?,Ripper
2022-10-21 11:49:39,18,Destroyer,95,PULSE,O,3007,?,Scout
2022-10-21 11:49:49,18,Destroyer,94,PULSE,O,3002,?,Vespid
2022-10-24 12:41:12,18,Destroyer,93,PULSE,O,3006,?,Dinergate
2022-10-24 12:41:20,18,Destroyer,92,PULSE,O,3010,?,Goliath Factory
2022-10-24 12:41:29,18,Destroyer,91,PULSE,O,3004,?,Jaeger
2022-10-24 12:41:44,18,Destroyer,90,PULSE,O,3003,?,Guard
2022-10-24 12:41:54,18,Destroyer,89,PULSE,O,3003,?,Guard
2022-10-24 12:42:08,18,Destroyer,88,PULSE,O,3002,?,Vespid
2022-10-25 23:08:11,18,Destroyer,86,PULSE,O,3009,?,Jaguar
2022-10-25 23:08:22,18,Destroyer,85,PULSE,O,3001,?,Ripper
2022-10-26 11:03:11,19,Hunter,Intruder,Destroyer,Architect,Ouroboros,Alchemist,79,SVAROG,O,2004,??,Nemeum
2022-10-26 11:03:11,19,Hunter,Intruder,Destroyer,Architect,Ouroboros,Alchemist,78,SVAROG,O,2005,??,Tarantula
2022-10-26 11:03:11,19,Hunter,Intruder,Destroyer,Architect,Ouroboros,Alchemist,77,SVAROG,O,3009,?,Jaguar
2022-10-26 11:03:11,19,Hunter,Intruder,Destroyer,Architect,Ouroboros,Alchemist,76,SVAROG,O,3006,?,Dinergate
2022-10-26 11:03:11,19,Hunter,Intruder,Destroyer,Architect,Ouroboros,Alchemist,75,SVAROG,O,3009,?,Jaguar
2022-10-26 11:03:11,19,Hunter,Intruder,Destroyer,Architect,Ouroboros,Alchemist,74,SVAROG,O,3008,?,Prowler
2022-10-26 11:03:11,19,Hunter,Intruder,Destroyer,Architect,Ouroboros,Alchemist,73,SVAROG,O,2012,??,Dragoon_SWAP
2022-10-26 11:03:11,19,Hunter,Intruder,Destroyer,Architect,Ouroboros,Alchemist,72,SVAROG,O,3003,?,Guard
2022-10-26 11:03:11,19,Hunter,Intruder,Destroyer,Architect,Ouroboros,Alchemist,71,SVAROG,O,3008,?,Prowler
2022-10-26 11:03:11,19,Hunter,Intruder,Destroyer,Architect,Ouroboros,Alchemist,70,SVAROG,O,3005,?,Striker
2022-10-26 11:03:16,19,Hunter,Intruder,Destroyer,Architect,Ouroboros,Alchemist,69,SVAROG,O,3007,?,Scout
2022-10-26 11:03:16,19,Hunter,Intruder,Destroyer,Architect,Ouroboros,Alchemist,68,SVAROG,O,2002,??,Dragoon
2022-10-26 11:03:16,19,Hunter,Intruder,Destroyer,Architect,Ouroboros,Alchemist,67,SVAROG,O,3001,?,Ripper
2022-10-26 11:03:16,19,Hunter,Intruder,Destroyer,Architect,Ouroboros,Alchemist,66,SVAROG,O,2006,??,Manticore
2022-10-26 11:03:16,19,Hunter,Intruder,Destroyer,Architect,Ouroboros,Alchemist,65,SVAROG,O,3006,?,Dinergate
2022-10-26 11:03:16,19,Hunter,Intruder,Destroyer,Architect,Ouroboros,Alchemist,64,SVAROG,O,3009,?,Jaguar
2022-10-26 11:03:16,19,Hunter,Intruder,Destroyer,Architect,Ouroboros,Alchemist,63,SVAROG,O,3001,?,Ripper
2022-10-26 11:03:16,19,Hunter,Intruder,Destroyer,Architect,Ouroboros,Alchemist,62,SVAROG,O,2009,??,Ripper SWAP
2022-10-26 11:03:16,19,Hunter,Intruder,Destroyer,Architect,Ouroboros,Alchemist,61,SVAROG,O,3002,?,Vespid
2022-10-26 11:03:16,19,Hunter,Intruder,Destroyer,Architect,Ouroboros,Alchemist,60,SVAROG,O,3002,?,Vespid
2022-10-26 11:03:20,19,Hunter,Intruder,Destroyer,Architect,Ouroboros,Alchemist,59,SVAROG,O,3006,?,Dinergate
2022-10-26 11:03:20,19,Hunter,Intruder,Destroyer,Architect,Ouroboros,Alchemist,58,SVAROG,O,3003,?,Guard
2022-10-26 11:03:20,19,Hunter,Intruder,Destroyer,Architect,Ouroboros,Alchemist,57,SVAROG,O,3007,?,Scout
2022-10-26 11:03:20,19,Hunter,Intruder,Destroyer,Architect,Ouroboros,Alchemist,56,SVAROG,O,3008,?,Prowler
2022-10-26 11:03:20,19,Hunter,Intruder,Destroyer,Architect,Ouroboros,Alchemist,55,SVAROG,O,3002,?,Vespid
2022-10-26 11:03:20,19,Hunter,Intruder,Destroyer,Architect,Ouroboros,Alchemist,54,SVAROG,O,3004,?,Jaeger
2022-10-26 11:03:20,19,Hunter,Intruder,Destroyer,Architect,Ouroboros,Alchemist,53,SVAROG,O,2002,??,Dragoon
2022-10-26 11:03:20,19,Hunter,Intruder,Destroyer,Architect,Ouroboros,Alchemist,52,SVAROG,O,3007,?,Scout
2022-10-26 11:03:20,19,Hunter,Intruder,Destroyer,Architect,Ouroboros,Alchemist,51,SVAROG,O,3006,?,Dinergate
2022-10-26 11:03:20,19,Hunter,Intruder,Destroyer,Architect,Ouroboros,Alchemist,50,SVAROG,O,3004,?,Jaeger
2022-10-26 11:03:26,19,Hunter,Intruder,Destroyer,Architect,Ouroboros,Alchemist,49,SVAROG,O,3001,?,Ripper
2022-10-26 11:03:47,19,Hunter,Intruder,Destroyer,Architect,Ouroboros,Alchemist,48,SVAROG,O,3007,?,Scout
2022-10-26 11:03:50,19,Hunter,Intruder,Destroyer,Architect,Ouroboros,Alchemist,47,SVAROG,O,2008,??,Guard_SWAP
2022-10-26 11:03:52,19,Hunter,Intruder,Destroyer,Architect,Ouroboros,Alchemist,46,SVAROG,O,3008,?,Prowler
2022-10-26 11:03:54,19,Hunter,Intruder,Destroyer,Architect,Ouroboros,Alchemist,45,SVAROG,O,3003,?,Guard
2022-10-26 11:03:56,19,Hunter,Intruder,Destroyer,Architect,Ouroboros,Alchemist,44,SVAROG,O,2013,??,Striker_SWAP
2022-10-26 11:03:58,19,Hunter,Intruder,Destroyer,Architect,Ouroboros,Alchemist,43,SVAROG,O,3006,?,Dinergate
2022-10-26 11:04:01,19,Hunter,Intruder,Destroyer,Architect,Ouroboros,Alchemist,42,SVAROG,O,3008,?,Prowler
2022-10-26 11:04:03,19,Hunter,Intruder,Destroyer,Architect,Ouroboros,Alchemist,41,SVAROG,O,1003,???,Hunter
2022-10-27 14:38:53,18,Destroyer,84,PULSE,O,3005,?,Striker
2022-10-27 14:39:09,18,Destroyer,83,PULSE,O,3007,?,Scout
2022-10-27 14:39:23,18,Destroyer,82,PULSE,O,3006,?,Dinergate
2022-10-27 22:53:39,18,Destroyer,81,PULSE,O,3008,?,Prowler
2022-10-29 11:26:15,18,Destroyer,80,PULSE,O,3008,?,Prowler
2022-10-29 11:26:25,18,Destroyer,79,PULSE,O,3003,?,Guard
2022-10-29 11:26:34,18,Destroyer,78,PULSE,O,3003,?,Guard
2022-10-29 11:26:49,18,Destroyer,77,PULSE,O,3008,?,Prowler
2022-10-29 11:27:04,18,Destroyer,76,PULSE,O,3009,?,Jaguar
2022-10-30 11:31:22,19,Hunter,Intruder,Destroyer,Architect,Ouroboros,Alchemist,99,SVAROG,O,3001,?,Ripper
2022-10-30 11:31:22,19,Hunter,Intruder,Destroyer,Architect,Ouroboros,Alchemist,98,SVAROG,O,2005,??,Tarantula
2022-10-30 11:31:22,19,Hunter,Intruder,Destroyer,Architect,Ouroboros,Alchemist,97,SVAROG,O,3001,?,Ripper
2022-10-30 11:31:22,19,Hunter,Intruder,Destroyer,Architect,Ouroboros,Alchemist,96,SVAROG,O,2003,??,Aegis
2022-10-30 11:31:22,19,Hunter,Intruder,Destroyer,Architect,Ouroboros,Alchemist,95,SVAROG,O,3003,?,Guard
2022-10-30 11:31:22,19,Hunter,Intruder,Destroyer,Architect,Ouroboros,Alchemist,94,SVAROG,O,3006,?,Dinergate
2022-10-30 11:31:22,19,Hunter,Intruder,Destroyer,Architect,Ouroboros,Alchemist,93,SVAROG,O,3010,?,Goliath Factory
2022-10-30 11:31:22,19,Hunter,Intruder,Destroyer,Architect,Ouroboros,Alchemist,92,SVAROG,O,3002,?,Vespid
2022-10-30 11:31:22,19,Hunter,Intruder,Destroyer,Architect,Ouroboros,Alchemist,91,SVAROG,O,3010,?,Goliath Factory
2022-10-30 11:31:22,19,Hunter,Intruder,Destroyer,Architect,Ouroboros,Alchemist,90,SVAROG,O,3008,?,Prowler
2022-10-30 12:39:57,18,Destroyer,75,PULSE,O,3005,?,Striker
2022-10-30 12:40:07,18,Destroyer,74,PULSE,O,3003,?,Guard
2022-10-30 12:40:16,18,Destroyer,73,PULSE,O,3009,?,Jaguar
2022-10-31 13:14:10,19,Hunter,Intruder,Destroyer,Architect,Ouroboros,Alchemist,89,SVAROG,O,2008,??,Guard_SWAP
2022-10-31 13:14:10,19,Hunter,Intruder,Destroyer,Architect,Ouroboros,Alchemist,88,SVAROG,O,3010,?,Goliath Factory
2022-10-31 13:14:10,19,Hunter,Intruder,Destroyer,Architect,Ouroboros,Alchemist,87,SVAROG,O,2013,??,Striker_SWAP
2022-10-31 13:14:10,19,Hunter,Intruder,Destroyer,Architect,Ouroboros,Alchemist,86,SVAROG,O,3006,?,Dinergate
2022-10-31 13:14:10,19,Hunter,Intruder,Destroyer,Architect,Ouroboros,Alchemist,85,SVAROG,O,2010,??,Vespid_SWAP
2022-10-31 13:14:10,19,Hunter,Intruder,Destroyer,Architect,Ouroboros,Alchemist,84,SVAROG,O,3003,?,Guard
2022-10-31 13:14:10,19,Hunter,Intruder,Destroyer,Architect,Ouroboros,Alchemist,83,SVAROG,O,3008,?,Prowler
2022-10-31 13:14:10,19,Hunter,Intruder,Destroyer,Architect,Ouroboros,Alchemist,82,SVAROG,O,3002,?,Vespid
2022-10-31 13:14:10,19,Hunter,Intruder,Destroyer,Architect,Ouroboros,Alchemist,81,SVAROG,O,3010,?,Goliath Factory
2022-10-31 13:14:10,19,Hunter,Intruder,Destroyer,Architect,Ouroboros,Alchemist,80,SVAROG,O,3006,?,Dinergate
2022-10-31 13:14:37,19,Hunter,Intruder,Destroyer,Architect,Ouroboros,Alchemist,79,SVAROG,O,2001,??,Brute
2022-10-31 13:14:37,19,Hunter,Intruder,Destroyer,Architect,Ouroboros,Alchemist,78,SVAROG,O,3009,?,Jaguar
2022-10-31 13:14:37,19,Hunter,Intruder,Destroyer,Architect,Ouroboros,Alchemist,77,SVAROG,O,3006,?,Dinergate
2022-10-31 13:14:37,19,Hunter,Intruder,Destroyer,Architect,Ouroboros,Alchemist,76,SVAROG,O,3007,?,Scout
2022-10-31 13:14:37,19,Hunter,Intruder,Destroyer,Architect,Ouroboros,Alchemist,75,SVAROG,O,2008,??,Guard_SWAP
2022-10-31 13:14:37,19,Hunter,Intruder,Destroyer,Architect,Ouroboros,Alchemist,74,SVAROG,O,3009,?,Jaguar
2022-10-31 13:14:37,19,Hunter,Intruder,Destroyer,Architect,Ouroboros,Alchemist,73,SVAROG,O,2011,??,Prowler_SWAP
2022-10-31 13:14:37,19,Hunter,Intruder,Destroyer,Architect,Ouroboros,Alchemist,72,SVAROG,O,3004,?,Jaeger
2022-10-31 13:14:37,19,Hunter,Intruder,Destroyer,Architect,Ouroboros,Alchemist,71,SVAROG,O,3004,?,Jaeger
2022-10-31 13:14:37,19,Hunter,Intruder,Destroyer,Architect,Ouroboros,Alchemist,70,SVAROG,O,3009,?,Jaguar
2022-10-31 13:14:41,19,Hunter,Intruder,Destroyer,Architect,Ouroboros,Alchemist,69,SVAROG,O,3006,?,Dinergate
2022-10-31 13:14:41,19,Hunter,Intruder,Destroyer,Architect,Ouroboros,Alchemist,68,SVAROG,O,2006,??,Manticore
2022-10-31 13:14:41,19,Hunter,Intruder,Destroyer,Architect,Ouroboros,Alchemist,67,SVAROG,O,2011,??,Prowler_SWAP
2022-10-31 13:14:41,19,Hunter,Intruder,Destroyer,Architect,Ouroboros,Alchemist,66,SVAROG,O,3007,?,Scout
2022-10-31 13:14:41,19,Hunter,Intruder,Destroyer,Architect,Ouroboros,Alchemist,65,SVAROG,O,3004,?,Jaeger
2022-10-31 13:14:41,19,Hunter,Intruder,Destroyer,Architect,Ouroboros,Alchemist,64,SVAROG,O,3003,?,Guard
2022-10-31 13:14:41,19,Hunter,Intruder,Destroyer,Architect,Ouroboros,Alchemist,63,SVAROG,O,3001,?,Ripper
2022-10-31 13:14:41,19,Hunter,Intruder,Destroyer,Architect,Ouroboros,Alchemist,62,SVAROG,O,3008,?,Prowler
2022-10-31 13:14:41,19,Hunter,Intruder,Destroyer,Architect,Ouroboros,Alchemist,61,SVAROG,O,3005,?,Striker
2022-10-31 13:14:41,19,Hunter,Intruder,Destroyer,Architect,Ouroboros,Alchemist,60,SVAROG,O,3005,?,Striker
2022-10-31 13:14:46,19,Hunter,Intruder,Destroyer,Architect,Ouroboros,Alchemist,59,SVAROG,O,3002,?,Vespid
2022-10-31 13:14:46,19,Hunter,Intruder,Destroyer,Architect,Ouroboros,Alchemist,58,SVAROG,O,3004,?,Jaeger
2022-10-31 13:14:46,19,Hunter,Intruder,Destroyer,Architect,Ouroboros,Alchemist,57,SVAROG,O,2014,??,Aegis_SWAP
2022-10-31 13:14:46,19,Hunter,Intruder,Destroyer,Architect,Ouroboros,Alchemist,56,SVAROG,O,3010,?,Goliath Factory
2022-10-31 13:14:46,19,Hunter,Intruder,Destroyer,Architect,Ouroboros,Alchemist,55,SVAROG,O,2005,??,Tarantula
2022-10-31 13:14:46,19,Hunter,Intruder,Destroyer,Architect,Ouroboros,Alchemist,54,SVAROG,O,3005,?,Striker
2022-10-31 13:14:46,19,Hunter,Intruder,Destroyer,Architect,Ouroboros,Alchemist,53,SVAROG,O,2009,??,Ripper SWAP
2022-10-31 13:14:46,19,Hunter,Intruder,Destroyer,Architect,Ouroboros,Alchemist,52,SVAROG,O,3010,?,Goliath Factory
2022-10-31 13:14:46,19,Hunter,Intruder,Destroyer,Architect,Ouroboros,Alchemist,51,SVAROG,O,3005,?,Striker
2022-10-31 13:14:46,19,Hunter,Intruder,Destroyer,Architect,Ouroboros,Alchemist,50,SVAROG,O,2013,??,Striker_SWAP
2022-10-31 13:14:51,19,Hunter,Intruder,Destroyer,Architect,Ouroboros,Alchemist,49,SVAROG,O,3005,?,Striker
2022-10-31 13:14:51,19,Hunter,Intruder,Destroyer,Architect,Ouroboros,Alchemist,48,SVAROG,O,3007,?,Scout
2022-10-31 13:14:51,19,Hunter,Intruder,Destroyer,Architect,Ouroboros,Alchemist,47,SVAROG,O,2001,??,Brute
2022-10-31 13:14:51,19,Hunter,Intruder,Destroyer,Architect,Ouroboros,Alchemist,46,SVAROG,O,3009,?,Jaguar
2022-10-31 13:14:51,19,Hunter,Intruder,Destroyer,Architect,Ouroboros,Alchemist,45,SVAROG,O,2010,??,Vespid_SWAP
2022-10-31 13:14:51,19,Hunter,Intruder,Destroyer,Architect,Ouroboros,Alchemist,44,SVAROG,O,2002,??,Dragoon
2022-10-31 13:14:51,19,Hunter,Intruder,Destroyer,Architect,Ouroboros,Alchemist,43,SVAROG,O,3008,?,Prowler
2022-10-31 13:14:51,19,Hunter,Intruder,Destroyer,Architect,Ouroboros,Alchemist,42,SVAROG,O,3002,?,Vespid
2022-10-31 13:14:51,19,Hunter,Intruder,Destroyer,Architect,Ouroboros,Alchemist,41,SVAROG,O,3001,?,Ripper
2022-10-31 13:14:51,19,Hunter,Intruder,Destroyer,Architect,Ouroboros,Alchemist,40,SVAROG,O,3008,?,Prowler
2022-10-31 13:14:57,19,Hunter,Intruder,Destroyer,Architect,Ouroboros,Alchemist,39,SVAROG,O,3009,?,Jaguar
2022-10-31 13:14:57,19,Hunter,Intruder,Destroyer,Architect,Ouroboros,Alchemist,38,SVAROG,O,3001,?,Ripper
2022-10-31 13:14:57,19,Hunter,Intruder,Destroyer,Architect,Ouroboros,Alchemist,37,SVAROG,O,3006,?,Dinergate
2022-10-31 13:14:57,19,Hunter,Intruder,Destroyer,Architect,Ouroboros,Alchemist,36,SVAROG,O,2013,??,Striker_SWAP
2022-10-31 13:14:57,19,Hunter,Intruder,Destroyer,Architect,Ouroboros,Alchemist,35,SVAROG,O,3009,?,Jaguar
2022-10-31 13:14:57,19,Hunter,Intruder,Destroyer,Architect,Ouroboros,Alchemist,34,SVAROG,O,3005,?,Striker
2022-10-31 13:14:57,19,Hunter,Intruder,Destroyer,Architect,Ouroboros,Alchemist,33,SVAROG,O,3001,?,Ripper
2022-10-31 13:14:57,19,Hunter,Intruder,Destroyer,Architect,Ouroboros,Alchemist,32,SVAROG,O,2004,??,Nemeum
2022-10-31 13:14:57,19,Hunter,Intruder,Destroyer,Architect,Ouroboros,Alchemist,31,SVAROG,O,3007,?,Scout
2022-10-31 13:14:57,19,Hunter,Intruder,Destroyer,Architect,Ouroboros,Alchemist,30,SVAROG,O,3002,?,Vespid
2022-10-31 13:15:04,19,Hunter,Intruder,Destroyer,Architect,Ouroboros,Alchemist,29,SVAROG,O,3008,?,Prowler
2022-10-31 13:16:32,19,Hunter,Intruder,Destroyer,Architect,Ouroboros,Alchemist,28,SVAROG,O,2014,??,Aegis_SWAP
2022-10-31 13:16:35,19,Hunter,Intruder,Destroyer,Architect,Ouroboros,Alchemist,27,SVAROG,O,3008,?,Prowler
2022-10-31 13:16:37,19,Hunter,Intruder,Destroyer,Architect,Ouroboros,Alchemist,26,SVAROG,O,3004,?,Jaeger
2022-10-31 13:16:39,19,Hunter,Intruder,Destroyer,Architect,Ouroboros,Alchemist,25,SVAROG,O,2009,??,Ripper SWAP
2022-10-31 13:16:41,19,Hunter,Intruder,Destroyer,Architect,Ouroboros,Alchemist,24,SVAROG,O,3010,?,Goliath Factory
2022-10-31 13:16:44,19,Hunter,Intruder,Destroyer,Architect,Ouroboros,Alchemist,23,SVAROG,O,2012,??,Dragoon_SWAP
2022-10-31 13:16:46,19,Hunter,Intruder,Destroyer,Architect,Ouroboros,Alchemist,22,SVAROG,O,3002,?,Vespid
2022-10-31 13:16:48,19,Hunter,Intruder,Destroyer,Architect,Ouroboros,Alchemist,21,SVAROG,O,3003,?,Guard
2022-10-31 13:16:50,19,Hunter,Intruder,Destroyer,Architect,Ouroboros,Alchemist,20,SVAROG,O,2003,??,Aegis
2022-10-31 13:16:52,19,Hunter,Intruder,Destroyer,Architect,Ouroboros,Alchemist,19,SVAROG,O,3003,?,Guard
2022-10-31 13:16:54,19,Hunter,Intruder,Destroyer,Architect,Ouroboros,Alchemist,18,SVAROG,O,3009,?,Jaguar
2022-10-31 13:16:56,19,Hunter,Intruder,Destroyer,Architect,Ouroboros,Alchemist,17,SVAROG,O,3007,?,Scout
2022-10-31 13:16:58,19,Hunter,Intruder,Destroyer,Architect,Ouroboros,Alchemist,16,SVAROG,O,3001,?,Ripper
2022-10-31 13:17:00,19,Hunter,Intruder,Destroyer,Architect,Ouroboros,Alchemist,15,SVAROG,O,1004,???,Intruder
2022-10-31 13:17:14,18,Destroyer,72,PULSE,O,3004,?,Jaeger
2022-10-31 13:17:24,18,Destroyer,71,PULSE,O,3006,?,Dinergate
2022-10-31 13:17:33,18,Destroyer,70,PULSE,O,3006,?,Dinergate
2022-10-31 13:17:44,18,Destroyer,69,PULSE,O,3008,?,Prowler
2022-10-31 13:17:54,18,Destroyer,68,PULSE,O,3002,?,Vespid
2022-10-31 13:18:05,18,Destroyer,67,PULSE,O,3004,?,Jaeger
2022-11-01 11:59:13,18,Destroyer,66,PULSE,O,3004,?,Jaeger
2022-11-01 11:59:23,18,Destroyer,65,PULSE,O,3006,?,Dinergate
2022-11-01 11:59:33,18,Destroyer,64,PULSE,O,3009,?,Jaguar
2022-11-03 01:37:00,18,Destroyer,63,PULSE,O,3002,?,Vespid
2022-11-03 01:37:17,18,Destroyer,63,PULSE,X,1005,???,Destroyer
2022-11-03 01:37:27,18,Destroyer,62,PULSE,O,3002,?,Vespid
2022-11-03 23:04:07,18,Destroyer,61,PULSE,O,3004,?,Jaeger
2022-11-03 23:04:17,18,Destroyer,60,PULSE,O,3009,?,Jaguar
2022-11-03 23:05:08,18,Destroyer,59,PULSE,O,3008,?,Prowler
2022-11-06 01:37:23,18,Destroyer,58,PULSE,O,3002,?,Vespid
2022-11-09 00:37:41,18,Destroyer,57,PULSE,O,3005,?,Striker
2022-11-09 00:37:52,18,Destroyer,56,PULSE,O,3001,?,Ripper
2022-11-09 00:38:03,18,Destroyer,55,PULSE,O,3005,?,Striker
2022-11-09 00:38:13,18,Destroyer,54,PULSE,O,3004,?,Jaeger
2022-11-09 00:38:24,18,Destroyer,53,PULSE,O,3005,?,Striker
2022-11-09 00:38:35,18,Destroyer,52,PULSE,O,3002,?,Vespid
2022-11-09 00:38:47,18,Destroyer,51,PULSE,O,3008,?,Prowler
2022-11-09 00:39:01,18,Destroyer,50,PULSE,O,3009,?,Jaguar
2022-11-09 00:39:17,18,Destroyer,49,PULSE,O,3007,?,Scout
2022-11-09 00:39:35,18,Destroyer,48,SVAROG,O,3001,?,Ripper
2022-11-09 00:39:38,18,Destroyer,47,SVAROG,O,2013,??,Striker_SWAP
2022-11-09 00:39:41,18,Destroyer,46,SVAROG,O,1005,???,Destroyer
2022-11-15 11:10:53,20,Architect,96,PULSE,O,3002,?,Vespid
2022-11-15 11:11:03,20,Architect,95,PULSE,O,3010,?,Goliath Factory
2022-11-15 11:11:18,20,Architect,94,PULSE,O,3001,?,Ripper
2022-11-15 11:11:28,20,Architect,93,PULSE,O,3005,?,Striker
2022-11-15 11:11:38,20,Architect,92,PULSE,O,3002,?,Vespid
2022-11-15 11:11:51,20,Architect,91,PULSE,O,3002,?,Vespid
2022-11-15 11:12:02,20,Architect,90,PULSE,O,3008,?,Prowler
2022-11-15 11:12:15,20,Architect,89,PULSE,O,3010,?,Goliath Factory
2022-11-15 11:12:33,20,Architect,88,PULSE,O,3010,?,Goliath Factory
2022-11-15 11:12:51,20,Architect,87,SVAROG,O,2001,??,Brute
2022-11-15 11:12:51,20,Architect,86,SVAROG,O,2004,??,Nemeum
2022-11-15 11:12:51,20,Architect,85,SVAROG,O,2002,??,Dragoon
2022-11-15 11:12:51,20,Architect,84,SVAROG,O,3005,?,Striker
2022-11-15 11:12:51,20,Architect,83,SVAROG,O,2015,??,Jaeger SWAP
2022-11-15 11:12:51,20,Architect,82,SVAROG,O,3001,?,Ripper
2022-11-15 11:12:51,20,Architect,81,SVAROG,O,2001,??,Brute
2022-11-15 11:12:51,20,Architect,80,SVAROG,O,3003,?,Guard
2022-11-15 11:12:51,20,Architect,79,SVAROG,O,2004,??,Nemeum
2022-11-15 11:12:51,20,Architect,78,SVAROG,O,3010,?,Goliath Factory
2022-11-15 11:12:58,20,Architect,77,SVAROG,O,3004,?,Jaeger
2022-11-15 11:12:58,20,Architect,76,SVAROG,O,2014,??,Aegis_SWAP
2022-11-15 11:12:58,20,Architect,75,SVAROG,O,3008,?,Prowler
2022-11-15 11:12:58,20,Architect,74,SVAROG,O,3009,?,Jaguar
2022-11-15 11:12:58,20,Architect,73,SVAROG,O,3004,?,Jaeger
2022-11-15 11:12:58,20,Architect,72,SVAROG,O,3008,?,Prowler
2022-11-15 11:12:58,20,Architect,71,SVAROG,O,3005,?,Striker
2022-11-15 11:12:58,20,Architect,70,SVAROG,O,3006,?,Dinergate
2022-11-15 11:12:58,20,Architect,69,SVAROG,O,3010,?,Goliath Factory
2022-11-15 11:12:58,20,Architect,68,SVAROG,O,3004,?,Jaeger
2022-11-15 11:13:03,20,Architect,67,SVAROG,O,3006,?,Dinergate
2022-11-15 11:13:03,20,Architect,66,SVAROG,O,3009,?,Jaguar
2022-11-15 11:13:03,20,Architect,65,SVAROG,O,3007,?,Scout
2022-11-15 11:13:03,20,Architect,64,SVAROG,O,3004,?,Jaeger
2022-11-15 11:13:03,20,Architect,63,SVAROG,O,3003,?,Guard
2022-11-15 11:13:03,20,Architect,62,SVAROG,O,3009,?,Jaguar
2022-11-15 11:13:03,20,Architect,61,SVAROG,O,3008,?,Prowler
2022-11-15 11:13:03,20,Architect,60,SVAROG,O,3004,?,Jaeger
2022-11-15 11:13:03,20,Architect,59,SVAROG,O,3007,?,Scout
2022-11-15 11:13:03,20,Architect,58,SVAROG,O,2014,??,Aegis_SWAP
2022-11-15 11:13:09,20,Architect,57,SVAROG,O,3006,?,Dinergate
2022-11-15 11:13:09,20,Architect,56,SVAROG,O,2006,??,Manticore
2022-11-15 11:13:09,20,Architect,55,SVAROG,O,3007,?,Scout
2022-11-15 11:13:09,20,Architect,54,SVAROG,O,2002,??,Dragoon
2022-11-15 11:13:09,20,Architect,53,SVAROG,O,3003,?,Guard
2022-11-15 11:13:09,20,Architect,52,SVAROG,O,2006,??,Manticore
2022-11-15 11:13:09,20,Architect,51,SVAROG,O,3006,?,Dinergate
2022-11-15 11:13:09,20,Architect,50,SVAROG,O,3009,?,Jaguar
2022-11-15 11:13:09,20,Architect,49,SVAROG,O,3002,?,Vespid
2022-11-15 11:13:09,20,Architect,48,SVAROG,O,3002,?,Vespid
2022-11-15 11:13:14,20,Architect,47,SVAROG,O,2015,??,Jaeger SWAP
2022-11-15 11:13:14,20,Architect,46,SVAROG,O,2003,??,Aegis
2022-11-15 11:13:14,20,Architect,45,SVAROG,O,2001,??,Brute
2022-11-15 11:13:14,20,Architect,44,SVAROG,O,3005,?,Striker
2022-11-15 11:13:14,20,Architect,43,SVAROG,O,3010,?,Goliath Factory
2022-11-15 11:13:14,20,Architect,42,SVAROG,O,2015,??,Jaeger SWAP
2022-11-15 11:13:14,20,Architect,41,SVAROG,O,2002,??,Dragoon
2022-11-15 11:13:14,20,Architect,40,SVAROG,O,3008,?,Prowler
2022-11-15 11:13:14,20,Architect,39,SVAROG,O,3005,?,Striker
2022-11-15 11:13:14,20,Architect,38,SVAROG,O,1006,???,Architect
2022-11-15 11:14:45,20,Architect,99,PULSE,O,3008,?,Prowler
2022-11-15 11:14:56,20,Architect,98,PULSE,O,3003,?,Guard
2022-11-15 11:15:09,20,Architect,97,PULSE,O,3004,?,Jaeger
2022-11-15 11:15:26,20,Architect,96,SVAROG,O,2003,??,Aegis
2022-11-15 11:15:26,20,Architect,95,SVAROG,O,3008,?,Prowler
2022-11-15 11:15:26,20,Architect,94,SVAROG,O,3010,?,Goliath Factory
2022-11-15 11:15:26,20,Architect,93,SVAROG,O,3008,?,Prowler
2022-11-15 11:15:26,20,Architect,92,SVAROG,O,3006,?,Dinergate
2022-11-15 11:15:26,20,Architect,91,SVAROG,O,3009,?,Jaguar
2022-11-15 11:15:26,20,Architect,90,SVAROG,O,3001,?,Ripper
2022-11-15 11:15:26,20,Architect,89,SVAROG,O,3001,?,Ripper
2022-11-15 11:15:26,20,Architect,88,SVAROG,O,2015,??,Jaeger SWAP
2022-11-15 11:15:26,20,Architect,87,SVAROG,O,3001,?,Ripper
2022-11-15 11:17:23,20,Architect,86,PULSE,O,3003,?,Guard
2022-11-15 11:17:39,20,Architect,85,SVAROG,O,3009,?,Jaguar
2022-11-15 11:17:39,20,Architect,84,SVAROG,O,3008,?,Prowler
2022-11-15 11:17:39,20,Architect,83,SVAROG,O,3010,?,Goliath Factory
2022-11-15 11:17:39,20,Architect,82,SVAROG,O,3005,?,Striker
2022-11-15 11:17:39,20,Architect,81,SVAROG,O,2002,??,Dragoon
2022-11-15 11:17:39,20,Architect,80,SVAROG,O,2002,??,Dragoon
2022-11-15 11:17:39,20,Architect,79,SVAROG,O,3001,?,Ripper
2022-11-15 11:17:39,20,Architect,78,SVAROG,O,2015,??,Jaeger SWAP
2022-11-15 11:17:39,20,Architect,77,SVAROG,O,3005,?,Striker
2022-11-15 11:17:39,20,Architect,76,SVAROG,O,3009,?,Jaguar
2022-11-15 11:17:44,20,Architect,75,SVAROG,O,3002,?,Vespid
2022-11-15 11:17:44,20,Architect,74,SVAROG,O,3002,?,Vespid
2022-11-15 11:17:44,20,Architect,73,SVAROG,O,3007,?,Scout
2022-11-15 11:17:44,20,Architect,72,SVAROG,O,3006,?,Dinergate
2022-11-15 11:17:44,20,Architect,71,SVAROG,O,3003,?,Guard
2022-11-15 11:17:44,20,Architect,70,SVAROG,O,3009,?,Jaguar
2022-11-15 11:17:44,20,Architect,69,SVAROG,O,3010,?,Goliath Factory
2022-11-15 11:17:44,20,Architect,68,SVAROG,O,3002,?,Vespid
2022-11-15 11:17:44,20,Architect,67,SVAROG,O,3010,?,Goliath Factory
2022-11-15 11:17:44,20,Architect,66,SVAROG,O,3003,?,Guard
2022-11-15 11:17:49,20,Architect,65,SVAROG,O,3004,?,Jaeger
2022-11-15 11:17:49,20,Architect,64,SVAROG,O,3002,?,Vespid
2022-11-15 11:17:49,20,Architect,63,SVAROG,O,3008,?,Prowler
2022-11-15 11:17:49,20,Architect,62,SVAROG,O,3004,?,Jaeger
2022-11-15 11:17:49,20,Architect,61,SVAROG,O,3003,?,Guard
2022-11-15 11:17:49,20,Architect,60,SVAROG,O,3002,?,Vespid
2022-11-15 11:17:49,20,Architect,59,SVAROG,O,2001,??,Brute
2022-11-15 11:17:49,20,Architect,58,SVAROG,O,3004,?,Jaeger
2022-11-15 11:17:49,20,Architect,57,SVAROG,O,2006,??,Manticore
2022-11-15 11:17:49,20,Architect,56,SVAROG,O,2003,??,Aegis
2022-11-15 11:17:54,20,Architect,55,SVAROG,O,3008,?,Prowler
2022-11-15 11:17:54,20,Architect,54,SVAROG,O,2002,??,Dragoon
2022-11-15 11:17:54,20,Architect,53,SVAROG,O,2015,??,Jaeger SWAP
2022-11-15 11:17:54,20,Architect,52,SVAROG,O,3001,?,Ripper
2022-11-15 11:17:54,20,Architect,51,SVAROG,O,3007,?,Scout
2022-11-15 11:17:54,20,Architect,50,SVAROG,O,2004,??,Nemeum
2022-11-15 11:17:54,20,Architect,49,SVAROG,O,2006,??,Manticore
2022-11-15 11:17:54,20,Architect,48,SVAROG,O,3010,?,Goliath Factory
2022-11-15 11:17:54,20,Architect,47,SVAROG,O,3006,?,Dinergate
2022-11-15 11:17:54,20,Architect,46,SVAROG,O,3010,?,Goliath Factory
2022-11-15 11:18:31,20,Architect,45,SVAROG,O,3004,?,Jaeger
2022-11-15 11:18:31,20,Architect,44,SVAROG,O,3010,?,Goliath Factory
2022-11-15 11:18:31,20,Architect,43,SVAROG,O,2014,??,Aegis_SWAP
2022-11-15 11:18:31,20,Architect,42,SVAROG,O,2004,??,Nemeum
2022-11-15 11:18:31,20,Architect,41,SVAROG,O,3003,?,Guard
2022-11-15 11:18:31,20,Architect,40,SVAROG,O,2003,??,Aegis
2022-11-15 11:18:31,20,Architect,39,SVAROG,O,2006,??,Manticore
2022-11-15 11:18:31,20,Architect,38,SVAROG,O,3006,?,Dinergate
2022-11-15 11:18:31,20,Architect,37,SVAROG,O,2003,??,Aegis
2022-11-15 11:18:31,20,Architect,36,SVAROG,O,2001,??,Brute
2022-11-15 11:18:37,20,Architect,35,SVAROG,O,3004,?,Jaeger
2022-11-15 11:18:39,20,Architect,34,SVAROG,O,2001,??,Brute
2022-11-15 11:18:41,20,Architect,33,SVAROG,O,3009,?,Jaguar
2022-11-15 11:18:44,20,Architect,32,SVAROG,O,3007,?,Scout
2022-11-15 11:18:46,20,Architect,31,SVAROG,O,3004,?,Jaeger
2022-11-15 11:18:47,20,Architect,30,SVAROG,O,3006,?,Dinergate
2022-11-15 11:18:49,20,Architect,29,SVAROG,O,2014,??,Aegis_SWAP
2022-11-15 11:18:51,20,Architect,28,SVAROG,O,2004,??,Nemeum
2022-11-15 11:18:53,20,Architect,27,SVAROG,O,3005,?,Striker
2022-11-15 11:18:55,20,Architect,26,SVAROG,O,3007,?,Scout
2022-11-15 11:18:57,20,Architect,25,SVAROG,O,2014,??,Aegis_SWAP
2022-11-15 11:18:59,20,Architect,24,SVAROG,O,2004,??,Nemeum
2022-11-15 11:19:02,20,Architect,23,SVAROG,O,3005,?,Striker
2022-11-15 11:19:04,20,Architect,22,SVAROG,O,3009,?,Jaguar
2022-11-15 11:19:06,20,Architect,21,SVAROG,O,3006,?,Dinergate
2022-11-15 11:19:09,20,Architect,20,SVAROG,O,3001,?,Ripper
2022-11-15 11:19:12,20,Architect,19,SVAROG,O,3006,?,Dinergate
2022-11-15 11:19:14,20,Architect,18,SVAROG,O,3009,?,Jaguar
2022-11-15 11:19:16,20,Architect,17,SVAROG,O,3010,?,Goliath Factory
2022-11-15 11:19:18,20,Architect,16,SVAROG,O,3007,?,Scout
2022-11-15 11:19:21,20,Architect,15,SVAROG,O,2002,??,Dragoon
2022-11-15 11:20:38,20,Architect,14,SVAROG,O,3001,?,Ripper
2022-11-15 11:20:40,20,Architect,13,SVAROG,O,2015,??,Jaeger SWAP
2022-11-15 11:20:42,20,Architect,12,SVAROG,O,3007,?,Scout
2022-11-15 11:20:48,20,Architect,11,SVAROG,O,3005,?,Striker
2022-11-15 11:20:50,20,Architect,10,SVAROG,O,3003,?,Guard
2022-11-15 11:20:53,20,Architect,9,SVAROG,O,3007,?,Scout
2022-11-15 11:20:54,20,Architect,8,SVAROG,O,2001,??,Brute
2022-11-15 11:20:56,20,Architect,7,SVAROG,O,1006,???,Architect
2022-11-15 11:25:41,20,Architect,99,SVAROG,O,2006,??,Manticore
2022-11-15 11:25:41,20,Architect,98,SVAROG,O,3009,?,Jaguar
2022-11-15 11:25:41,20,Architect,97,SVAROG,O,3002,?,Vespid
2022-11-15 11:25:41,20,Architect,96,SVAROG,O,3002,?,Vespid
2022-11-15 11:25:41,20,Architect,95,SVAROG,O,3001,?,Ripper
2022-11-15 11:25:41,20,Architect,94,SVAROG,O,2003,??,Aegis
2022-11-15 11:25:41,20,Architect,93,SVAROG,O,3001,?,Ripper
2022-11-15 11:25:41,20,Architect,92,SVAROG,O,2015,??,Jaeger SWAP
2022-11-15 11:25:41,20,Architect,91,SVAROG,O,2015,??,Jaeger SWAP
2022-11-15 11:25:41,20,Architect,90,SVAROG,O,3006,?,Dinergate
2022-11-15 11:26:33,20,Architect,89,SVAROG,O,3009,?,Jaguar
2022-11-15 11:26:33,20,Architect,88,SVAROG,O,3004,?,Jaeger
2022-11-15 11:26:33,20,Architect,87,SVAROG,O,3010,?,Goliath Factory
2022-11-15 11:26:33,20,Architect,86,SVAROG,O,2004,??,Nemeum
2022-11-15 11:26:33,20,Architect,85,SVAROG,O,3003,?,Guard
2022-11-15 11:26:33,20,Architect,84,SVAROG,O,3004,?,Jaeger
2022-11-15 11:26:33,20,Architect,83,SVAROG,O,3006,?,Dinergate
2022-11-15 11:26:33,20,Architect,82,SVAROG,O,3004,?,Jaeger
2022-11-15 11:26:33,20,Architect,81,SVAROG,O,3001,?,Ripper
2022-11-15 11:26:33,20,Architect,80,SVAROG,O,3005,?,Striker
2022-11-15 11:26:38,20,Architect,79,SVAROG,O,2001,??,Brute
2022-11-15 11:26:38,20,Architect,78,SVAROG,O,3002,?,Vespid
2022-11-15 11:26:38,20,Architect,77,SVAROG,O,2014,??,Aegis_SWAP
2022-11-15 11:26:38,20,Architect,76,SVAROG,O,2002,??,Dragoon
2022-11-15 11:26:38,20,Architect,75,SVAROG,O,3010,?,Goliath Factory
2022-11-15 11:26:38,20,Architect,74,SVAROG,O,3001,?,Ripper
2022-11-15 11:26:38,20,Architect,73,SVAROG,O,3007,?,Scout
2022-11-15 11:26:38,20,Architect,72,SVAROG,O,3010,?,Goliath Factory
2022-11-15 11:26:38,20,Architect,71,SVAROG,O,2003,??,Aegis
2022-11-15 11:26:38,20,Architect,70,SVAROG,O,3003,?,Guard
2022-11-15 11:26:43,20,Architect,69,SVAROG,O,3005,?,Striker
2022-11-15 11:26:43,20,Architect,68,SVAROG,O,3007,?,Scout
2022-11-15 11:26:43,20,Architect,67,SVAROG,O,2004,??,Nemeum
2022-11-15 11:26:43,20,Architect,66,SVAROG,O,2002,??,Dragoon
2022-11-15 11:26:43,20,Architect,65,SVAROG,O,3010,?,Goliath Factory
2022-11-15 11:26:43,20,Architect,64,SVAROG,O,2015,??,Jaeger SWAP
2022-11-15 11:26:43,20,Architect,63,SVAROG,O,3009,?,Jaguar
2022-11-15 11:26:43,20,Architect,62,SVAROG,O,3010,?,Goliath Factory
2022-11-15 11:26:43,20,Architect,61,SVAROG,O,3002,?,Vespid
2022-11-15 11:26:43,20,Architect,60,SVAROG,O,3005,?,Striker
2022-11-15 11:26:55,20,Architect,59,SVAROG,O,2003,??,Aegis
2022-11-15 11:26:55,20,Architect,58,SVAROG,O,3005,?,Striker
2022-11-15 11:26:55,20,Architect,57,SVAROG,O,3002,?,Vespid
2022-11-15 11:26:55,20,Architect,56,SVAROG,O,3004,?,Jaeger
2022-11-15 11:26:55,20,Architect,55,SVAROG,O,3008,?,Prowler
2022-11-15 11:26:55,20,Architect,54,SVAROG,O,3005,?,Striker
2022-11-15 11:26:55,20,Architect,53,SVAROG,O,3009,?,Jaguar
2022-11-15 11:26:55,20,Architect,52,SVAROG,O,3007,?,Scout
2022-11-15 11:26:55,20,Architect,51,SVAROG,O,3006,?,Dinergate
2022-11-15 11:26:55,20,Architect,50,SVAROG,O,3007,?,Scout
2022-11-15 11:27:04,20,Architect,49,SVAROG,O,3007,?,Scout
2022-11-15 11:27:06,20,Architect,48,SVAROG,O,3007,?,Scout
2022-11-15 11:27:08,20,Architect,47,SVAROG,O,3008,?,Prowler
2022-11-15 11:27:10,20,Architect,46,SVAROG,O,2001,??,Brute
2022-11-15 11:27:11,20,Architect,45,SVAROG,O,3004,?,Jaeger
2022-11-15 11:27:13,20,Architect,44,SVAROG,O,2004,??,Nemeum
2022-11-15 11:27:15,20,Architect,43,SVAROG,O,3003,?,Guard
2022-11-15 11:27:16,20,Architect,42,SVAROG,O,3006,?,Dinergate
2022-11-15 11:27:18,20,Architect,41,SVAROG,O,2006,??,Manticore
2022-11-15 11:27:20,20,Architect,40,SVAROG,O,3002,?,Vespid
2022-11-15 11:28:19,20,Architect,39,SVAROG,O,3005,?,Striker
2022-11-15 11:28:21,20,Architect,38,SVAROG,O,2014,??,Aegis_SWAP
2022-11-15 11:28:26,20,Architect,37,SVAROG,O,3008,?,Prowler
2022-11-15 11:29:34,20,Architect,36,SVAROG,O,3009,?,Jaguar
2022-11-15 11:29:37,20,Architect,35,SVAROG,O,2002,??,Dragoon
2022-11-15 11:29:39,20,Architect,34,SVAROG,O,3004,?,Jaeger
2022-11-15 11:29:41,20,Architect,33,SVAROG,O,3004,?,Jaeger
2022-11-15 11:29:43,20,Architect,32,SVAROG,O,2004,??,Nemeum
2022-11-15 11:29:45,20,Architect,31,SVAROG,O,1006,???,Architect
2022-11-15 11:30:02,20,Architect,99,SVAROG,O,3004,?,Jaeger
2022-11-15 11:30:02,20,Architect,98,SVAROG,O,2001,??,Brute
2022-11-15 11:30:02,20,Architect,97,SVAROG,O,2002,??,Dragoon
2022-11-15 11:30:02,20,Architect,96,SVAROG,O,2006,??,Manticore
2022-11-15 11:30:02,20,Architect,95,SVAROG,O,3004,?,Jaeger
2022-11-15 11:30:02,20,Architect,94,SVAROG,O,3010,?,Goliath Factory
2022-11-15 11:30:02,20,Architect,93,SVAROG,O,3004,?,Jaeger
2022-11-15 11:30:02,20,Architect,92,SVAROG,O,3007,?,Scout
2022-11-15 11:30:02,20,Architect,91,SVAROG,O,3002,?,Vespid
2022-11-15 11:30:02,20,Architect,90,SVAROG,O,3003,?,Guard
2022-11-15 11:30:08,20,Architect,89,SVAROG,O,3008,?,Prowler
2022-11-15 11:30:08,20,Architect,88,SVAROG,O,2003,??,Aegis
2022-11-15 11:30:08,20,Architect,87,SVAROG,O,2002,??,Dragoon
2022-11-15 11:30:08,20,Architect,86,SVAROG,O,3005,?,Striker
2022-11-15 11:30:08,20,Architect,85,SVAROG,O,3008,?,Prowler
2022-11-15 11:30:08,20,Architect,84,SVAROG,O,3001,?,Ripper
2022-11-15 11:30:08,20,Architect,83,SVAROG,O,3008,?,Prowler
2022-11-15 11:30:08,20,Architect,82,SVAROG,O,3006,?,Dinergate
2022-11-15 11:30:08,20,Architect,81,SVAROG,O,3010,?,Goliath Factory
2022-11-15 11:30:08,20,Architect,80,SVAROG,O,3004,?,Jaeger
2022-11-15 11:30:13,20,Architect,79,SVAROG,O,2015,??,Jaeger SWAP
2022-11-15 11:30:13,20,Architect,78,SVAROG,O,3008,?,Prowler
2022-11-15 11:30:13,20,Architect,77,SVAROG,O,2004,??,Nemeum
2022-11-15 11:30:13,20,Architect,76,SVAROG,O,3003,?,Guard
2022-11-15 11:30:13,20,Architect,75,SVAROG,O,3005,?,Striker
2022-11-15 11:30:13,20,Architect,74,SVAROG,O,2015,??,Jaeger SWAP
2022-11-15 11:30:13,20,Architect,73,SVAROG,O,3002,?,Vespid
2022-11-15 11:30:13,20,Architect,72,SVAROG,O,2003,??,Aegis
2022-11-15 11:30:13,20,Architect,71,SVAROG,O,3001,?,Ripper
2022-11-15 11:30:13,20,Architect,70,SVAROG,O,2001,??,Brute
2022-11-15 11:30:19,20,Architect,69,SVAROG,O,3005,?,Striker
2022-11-15 11:30:19,20,Architect,68,SVAROG,O,3009,?,Jaguar
2022-11-15 11:30:19,20,Architect,67,SVAROG,O,3008,?,Prowler
2022-11-15 11:30:19,20,Architect,66,SVAROG,O,3002,?,Vespid
2022-11-15 11:30:19,20,Architect,65,SVAROG,O,3010,?,Goliath Factory
2022-11-15 11:30:19,20,Architect,64,SVAROG,O,3003,?,Guard
2022-11-15 11:30:19,20,Architect,63,SVAROG,O,2006,??,Manticore
2022-11-15 11:30:19,20,Architect,62,SVAROG,O,3006,?,Dinergate
2022-11-15 11:30:19,20,Architect,61,SVAROG,O,3001,?,Ripper
2022-11-15 11:30:19,20,Architect,60,SVAROG,O,3001,?,Ripper
2022-11-15 11:30:23,20,Architect,59,SVAROG,O,2006,??,Manticore
2022-11-15 11:30:23,20,Architect,58,SVAROG,O,3005,?,Striker
2022-11-15 11:30:23,20,Architect,57,SVAROG,O,3009,?,Jaguar
2022-11-15 11:30:23,20,Architect,56,SVAROG,O,2014,??,Aegis_SWAP
2022-11-15 11:30:23,20,Architect,55,SVAROG,O,2004,??,Nemeum
2022-11-15 11:30:23,20,Architect,54,SVAROG,O,3005,?,Striker
2022-11-15 11:30:23,20,Architect,53,SVAROG,O,3010,?,Goliath Factory
2022-11-15 11:30:23,20,Architect,52,SVAROG,O,3003,?,Guard
2022-11-15 11:30:23,20,Architect,51,SVAROG,O,2001,??,Brute
2022-11-15 11:30:23,20,Architect,50,SVAROG,O,2004,??,Nemeum
2022-11-15 11:30:28,20,Architect,49,SVAROG,O,3007,?,Scout
2022-11-15 11:30:31,20,Architect,48,SVAROG,O,2002,??,Dragoon
2022-11-15 11:30:33,20,Architect,47,SVAROG,O,3007,?,Scout
2022-11-15 11:30:34,20,Architect,46,SVAROG,O,3002,?,Vespid
2022-11-15 11:30:36,20,Architect,45,SVAROG,O,2014,??,Aegis_SWAP
2022-11-15 11:30:39,20,Architect,44,SVAROG,O,3002,?,Vespid
2022-11-15 11:30:41,20,Architect,43,SVAROG,O,3010,?,Goliath Factory
2022-11-15 11:30:42,20,Architect,42,SVAROG,O,3001,?,Ripper
2022-11-15 11:30:44,20,Architect,41,SVAROG,O,3008,?,Prowler
2022-11-15 11:30:46,20,Architect,40,SVAROG,O,3002,?,Vespid
2022-11-15 11:30:48,20,Architect,39,SVAROG,O,2002,??,Dragoon
2022-11-15 11:30:50,20,Architect,38,SVAROG,O,3002,?,Vespid
2022-11-15 11:30:52,20,Architect,37,SVAROG,O,3006,?,Dinergate
2022-11-15 11:30:53,20,Architect,36,SVAROG,O,3003,?,Guard
2022-11-15 11:30:55,20,Architect,35,SVAROG,O,3007,?,Scout
2022-11-15 11:30:56,20,Architect,34,SVAROG,O,3009,?,Jaguar
2022-11-15 11:30:58,20,Architect,33,SVAROG,O,3001,?,Ripper
2022-11-15 11:30:59,20,Architect,32,SVAROG,O,3006,?,Dinergate
2022-11-15 11:31:01,20,Architect,31,SVAROG,O,3004,?,Jaeger
2022-11-15 11:31:03,20,Architect,30,SVAROG,O,3006,?,Dinergate
2022-11-15 11:31:05,20,Architect,29,SVAROG,O,3007,?,Scout
2022-11-15 11:31:07,20,Architect,28,SVAROG,O,3003,?,Guard
2022-11-15 11:31:08,20,Architect,27,SVAROG,O,3009,?,Jaguar
2022-11-15 11:31:11,20,Architect,26,SVAROG,O,3010,?,Goliath Factory
2022-11-15 11:32:23,20,Architect,25,SVAROG,O,3010,?,Goliath Factory
2022-11-15 11:32:25,20,Architect,24,SVAROG,O,3006,?,Dinergate
2022-11-15 11:32:27,20,Architect,23,SVAROG,O,2014,??,Aegis_SWAP
2022-11-15 11:32:28,20,Architect,22,SVAROG,O,3009,?,Jaguar
2022-11-15 11:32:30,20,Architect,21,SVAROG,O,3005,?,Striker
2022-11-15 11:32:32,20,Architect,20,SVAROG,O,3001,?,Ripper
2022-11-15 11:32:33,20,Architect,19,SVAROG,O,3009,?,Jaguar
2022-11-15 11:32:35,20,Architect,18,SVAROG,O,3007,?,Scout
2022-11-15 11:32:37,20,Architect,17,SVAROG,O,2014,??,Aegis_SWAP
2022-11-15 11:32:39,20,Architect,16,SVAROG,O,2004,??,Nemeum
2022-11-15 11:32:40,20,Architect,15,SVAROG,O,2003,??,Aegis
2022-11-15 11:32:42,20,Architect,14,SVAROG,O,2015,??,Jaeger SWAP
2022-11-15 11:32:44,20,Architect,13,SVAROG,O,2015,??,Jaeger SWAP
2022-11-15 11:32:46,20,Architect,12,SVAROG,O,3005,?,Striker
2022-11-15 11:32:48,20,Architect,11,SVAROG,O,2001,??,Brute
2022-11-15 11:32:50,20,Architect,10,SVAROG,O,3010,?,Goliath Factory
2022-11-15 11:32:51,20,Architect,9,SVAROG,O,3008,?,Prowler
2022-11-15 11:41:41,20,Architect,8,SVAROG,O,1006,???,Architect
2022-11-15 11:42:07,20,Architect,99,SVAROG,O,3010,?,Goliath Factory
2022-11-15 11:42:09,20,Architect,98,SVAROG,O,3009,?,Jaguar
2022-11-15 11:42:10,20,Architect,97,SVAROG,O,2001,??,Brute
2022-11-15 11:42:12,20,Architect,96,SVAROG,O,2002,??,Dragoon
2022-11-15 11:42:14,20,Architect,95,SVAROG,O,3007,?,Scout
2022-11-15 11:42:16,20,Architect,94,SVAROG,O,2003,??,Aegis
2022-11-15 11:42:18,20,Architect,93,SVAROG,O,3008,?,Prowler
2022-11-15 11:42:21,20,Architect,92,SVAROG,O,3006,?,Dinergate
2022-11-15 11:42:23,20,Architect,91,SVAROG,O,2014,??,Aegis_SWAP
2022-11-15 11:42:25,20,Architect,90,SVAROG,O,3010,?,Goliath Factory
2022-11-15 11:42:27,20,Architect,89,SVAROG,O,2001,??,Brute
2022-11-15 11:42:29,20,Architect,88,SVAROG,O,3009,?,Jaguar
2022-11-15 11:42:31,20,Architect,87,SVAROG,O,2006,??,Manticore
2022-11-15 11:42:33,20,Architect,86,SVAROG,O,3008,?,Prowler
2022-11-15 11:42:35,20,Architect,85,SVAROG,O,3001,?,Ripper
2022-11-15 11:42:37,20,Architect,84,SVAROG,O,2001,??,Brute
2022-11-15 11:42:39,20,Architect,83,SVAROG,O,3001,?,Ripper
2022-11-15 11:42:42,20,Architect,82,SVAROG,O,3006,?,Dinergate
2022-11-15 11:42:44,20,Architect,81,SVAROG,O,3010,?,Goliath Factory
2022-11-15 11:43:03,20,Architect,80,SVAROG,O,3003,?,Guard
2022-11-15 11:43:06,20,Architect,79,SVAROG,O,2003,??,Aegis
2022-11-15 11:43:08,20,Architect,78,SVAROG,O,3010,?,Goliath Factory
2022-11-15 11:43:10,20,Architect,77,SVAROG,O,2014,??,Aegis_SWAP
2022-11-15 11:43:12,20,Architect,76,SVAROG,O,3008,?,Prowler
2022-11-15 11:43:14,20,Architect,75,SVAROG,O,3007,?,Scout
2022-11-15 11:43:16,20,Architect,74,SVAROG,O,3003,?,Guard
2022-11-15 11:43:19,20,Architect,73,SVAROG,O,3001,?,Ripper
2022-11-15 11:43:21,20,Architect,72,SVAROG,O,2001,??,Brute
2022-11-15 11:43:23,20,Architect,71,SVAROG,O,1006,???,Architect
2022-11-21 11:30:13,20,Architect,66,PULSE,O,3005,?,Striker
2022-11-21 11:30:26,20,Architect,65,PULSE,O,3002,?,Vespid
2022-11-21 11:30:41,20,Architect,64,PULSE,O,3006,?,Dinergate
2022-11-21 11:30:56,20,Architect,63,PULSE,O,3010,?,Goliath Factory
2022-11-21 11:31:14,20,Architect,62,PULSE,O,3007,?,Scout
2022-11-21 11:31:30,20,Architect,61,PULSE,O,3006,?,Dinergate
2022-11-21 11:31:49,20,Architect,61,PULSE,X,2015,??,Jaeger SWAP
2022-11-27 11:17:36,20,Architect,61,PULSE,X,2014,??,Aegis_SWAP
2022-11-27 11:17:46,20,Architect,60,PULSE,O,2015,??,Jaeger SWAP
2022-11-27 11:18:01,20,Architect,60,PULSE,X,2006,??,Manticore
2022-11-27 11:18:17,20,Architect,60,PULSE,X,2014,??,Aegis_SWAP
2022-12-11 07:44:40,20,Architect,81,PULSE,O,3009,?,Jaguar
2022-12-11 07:44:50,20,Architect,80,PULSE,O,3001,?,Ripper
2022-12-12 07:15:43,20,Architect,79,PULSE,O,3007,?,Scout
2022-12-12 07:15:52,20,Architect,78,PULSE,O,3010,?,Goliath Factory
2022-12-12 07:16:05,20,Architect,77,PULSE,O,3009,?,Jaguar
2022-12-12 07:16:14,20,Architect,76,PULSE,O,3005,?,Striker
2022-12-12 07:16:25,20,Architect,75,PULSE,O,3003,?,Guard
2022-12-12 07:16:43,20,Architect,74,PULSE,O,3009,?,Jaguar
2022-12-12 07:16:59,20,Architect,73,PULSE,O,3006,?,Dinergate
2022-12-12 07:17:13,20,Architect,72,PULSE,O,2001,??,Brute
2022-12-13 07:44:52,21,,99,PULSE,O,3002,?,Vespid
2022-12-13 07:45:00,21,,98,PULSE,O,3006,?,Dinergate
2022-12-13 07:45:07,21,,97,PULSE,O,3002,?,Vespid
2022-12-13 07:45:17,21,,96,PULSE,O,3009,?,Jaguar
2022-12-13 07:45:27,21,,95,PULSE,O,3010,?,Goliath Factory
2022-12-13 07:45:36,21,,94,PULSE,O,3005,?,Striker
2022-12-13 07:45:47,21,,93,PULSE,O,3001,?,Ripper
2022-12-13 07:45:57,21,,92,PULSE,O,3002,?,Vespid
2022-12-13 07:46:06,21,,91,PULSE,O,3001,?,Ripper
2022-12-13 07:46:16,21,,90,PULSE,O,3005,?,Striker
2022-12-13 07:46:33,21,,89,PULSE,O,3007,?,Scout
2022-12-13 07:46:44,21,,88,SVAROG,O,3007,?,Scout
2022-12-13 07:46:44,21,,87,SVAROG,O,3007,?,Scout
2022-12-13 07:46:44,21,,86,SVAROG,O,3006,?,Dinergate
2022-12-13 07:46:44,21,,85,SVAROG,O,3004,?,Jaeger
2022-12-13 07:46:44,21,,84,SVAROG,O,3008,?,Prowler
2022-12-13 07:46:44,21,,83,SVAROG,O,2005,??,Tarantula
2022-12-13 07:46:44,21,,82,SVAROG,O,3009,?,Jaguar
2022-12-13 07:46:44,21,,81,SVAROG,O,3003,?,Guard
2022-12-13 07:46:44,21,,80,SVAROG,O,2009,??,Ripper SWAP
2022-12-13 07:46:44,21,,79,SVAROG,O,1007,???,Ouroboros
2022-12-13 07:47:18,21,,99,PULSE,O,3001,?,Ripper
2022-12-13 07:47:31,21,,98,PULSE,O,3006,?,Dinergate
2022-12-13 07:47:50,21,,97,PULSE,O,3005,?,Striker
2022-12-15 09:03:24,21,Ouroboros,96,PULSE,O,2008,??,Guard_SWAP
2022-12-15 09:03:38,21,Ouroboros,96,PULSE,X,1007,???,Ouroboros
2022-12-16 10:18:06,21,Ouroboros,95,PULSE,O,3006,?,Dinergate
2022-12-19 10:38:43,21,Ouroboros,93,PULSE,O,3008,?,Prowler
2022-12-19 10:38:56,21,Ouroboros,92,PULSE,O,3002,?,Vespid
2022-12-19 10:39:06,21,Ouroboros,91,PULSE,O,3002,?,Vespid
2022-12-20 10:32:12,30,Destroyer - Dashing Reindeer,99,PULSE,O,3010,?,Goliath Factory
2022-12-20 10:32:22,30,Destroyer - Dashing Reindeer,98,PULSE,O,3004,?,Jaeger
2022-12-20 10:32:31,30,Destroyer - Dashing Reindeer,97,PULSE,O,3003,?,Guard
2022-12-20 10:32:48,30,Destroyer - Dashing Reindeer,96,PULSE,O,3005,?,Striker
2022-12-20 10:33:09,30,Destroyer - Dashing Reindeer,95,PULSE,O,3007,?,Scout
2022-12-20 11:20:51,30,Destroyer - Dashing Reindeer,94,SVAROG,O,2002,??,Dragoon
2022-12-20 11:20:51,30,Destroyer - Dashing Reindeer,93,SVAROG,O,3009,?,Jaguar
2022-12-20 11:20:51,30,Destroyer - Dashing Reindeer,92,SVAROG,O,3006,?,Dinergate
2022-12-20 11:20:51,30,Destroyer - Dashing Reindeer,91,SVAROG,O,3003,?,Guard
2022-12-20 11:20:51,30,Destroyer - Dashing Reindeer,90,SVAROG,O,2005,??,Tarantula
2022-12-20 11:20:51,30,Destroyer - Dashing Reindeer,89,SVAROG,O,2008,??,Guard_SWAP
2022-12-20 11:20:51,30,Destroyer - Dashing Reindeer,88,SVAROG,O,2006,??,Manticore
2022-12-20 11:20:51,30,Destroyer - Dashing Reindeer,87,SVAROG,O,3006,?,Dinergate
2022-12-20 11:20:51,30,Destroyer - Dashing Reindeer,86,SVAROG,O,2003,??,Aegis
2022-12-20 11:20:51,30,Destroyer - Dashing Reindeer,85,SVAROG,O,2016,??,Gingerbread Guard
2022-12-20 12:24:01,30,Destroyer - Dashing Reindeer,84,PULSE,O,3009,?,Jaguar
2022-12-20 12:24:10,30,Destroyer - Dashing Reindeer,83,PULSE,O,3009,?,Jaguar
2022-12-20 12:24:18,30,Destroyer - Dashing Reindeer,82,PULSE,O,3008,?,Prowler
2022-12-20 12:24:29,30,Destroyer - Dashing Reindeer,81,PULSE,O,3007,?,Scout
2022-12-20 12:24:39,30,Destroyer - Dashing Reindeer,80,SVAROG,O,3001,?,Ripper
2022-12-20 12:24:39,30,Destroyer - Dashing Reindeer,79,SVAROG,O,3007,?,Scout
2022-12-20 12:24:39,30,Destroyer - Dashing Reindeer,78,SVAROG,O,3005,?,Striker
2022-12-20 12:24:39,30,Destroyer - Dashing Reindeer,77,SVAROG,O,3008,?,Prowler
2022-12-20 12:24:39,30,Destroyer - Dashing Reindeer,76,SVAROG,O,2005,??,Tarantula
2022-12-20 12:24:39,30,Destroyer - Dashing Reindeer,75,SVAROG,O,2003,??,Aegis
2022-12-20 12:24:39,30,Destroyer - Dashing Reindeer,74,SVAROG,O,3006,?,Dinergate
2022-12-20 12:24:39,30,Destroyer - Dashing Reindeer,73,SVAROG,O,3006,?,Dinergate
2022-12-20 12:24:39,30,Destroyer - Dashing Reindeer,72,SVAROG,O,3008,?,Prowler
2022-12-20 12:24:39,30,Destroyer - Dashing Reindeer,71,SVAROG,O,3002,?,Vespid
2022-12-20 12:24:46,30,Destroyer - Dashing Reindeer,70,PULSE,O,3004,?,Jaeger
2022-12-20 12:24:56,30,Destroyer - Dashing Reindeer,69,PULSE,O,3001,?,Ripper
2022-12-20 12:25:06,30,Destroyer - Dashing Reindeer,68,PULSE,O,3002,?,Vespid
2022-12-20 12:25:17,30,Destroyer - Dashing Reindeer,67,PULSE,O,3006,?,Dinergate
2022-12-20 12:25:31,30,Destroyer - Dashing Reindeer,66,PULSE,O,3001,?,Ripper
2022-12-20 12:25:46,30,Destroyer - Dashing Reindeer,65,PULSE,O,3004,?,Jaeger
2022-12-20 12:25:55,30,Destroyer - Dashing Reindeer,64,PULSE,O,3008,?,Prowler
2022-12-20 12:26:11,30,Destroyer - Dashing Reindeer,63,PULSE,O,3002,?,Vespid
2022-12-20 12:26:20,30,Destroyer - Dashing Reindeer,62,PULSE,O,3009,?,Jaguar
2022-12-20 12:26:37,30,Destroyer - Dashing Reindeer,61,SVAROG,O,2004,??,Nemeum
2022-12-20 12:26:37,30,Destroyer - Dashing Reindeer,60,SVAROG,O,3008,?,Prowler
2022-12-20 12:26:37,30,Destroyer - Dashing Reindeer,59,SVAROG,O,3007,?,Scout
2022-12-20 12:26:37,30,Destroyer - Dashing Reindeer,58,SVAROG,O,3001,?,Ripper
2022-12-20 12:26:37,30,Destroyer - Dashing Reindeer,57,SVAROG,O,3007,?,Scout
2022-12-20 12:26:37,30,Destroyer - Dashing Reindeer,56,SVAROG,O,3005,?,Striker
2022-12-20 12:26:37,30,Destroyer - Dashing Reindeer,55,SVAROG,O,3010,?,Goliath Factory
2022-12-20 12:26:37,30,Destroyer - Dashing Reindeer,54,SVAROG,O,3005,?,Striker
2022-12-20 12:26:37,30,Destroyer - Dashing Reindeer,53,SVAROG,O,3010,?,Goliath Factory
2022-12-20 12:26:37,30,Destroyer - Dashing Reindeer,52,SVAROG,O,3005,?,Striker
2022-12-20 12:26:43,30,Destroyer - Dashing Reindeer,51,SVAROG,O,3004,?,Jaeger
2022-12-20 12:26:46,30,Destroyer - Dashing Reindeer,50,SVAROG,O,3004,?,Jaeger
2022-12-20 12:26:51,30,Destroyer - Dashing Reindeer,49,SVAROG,O,2008,??,Guard_SWAP
2022-12-20 12:26:54,30,Destroyer - Dashing Reindeer,48,PULSE,O,3010,?,Goliath Factory
2022-12-20 12:27:05,30,Destroyer - Dashing Reindeer,47,PULSE,O,3010,?,Goliath Factory
2022-12-20 12:27:21,30,Destroyer - Dashing Reindeer,46,SVAROG,O,2003,??,Aegis
2022-12-20 12:27:24,30,Destroyer - Dashing Reindeer,45,SVAROG,O,2008,??,Guard_SWAP
2022-12-20 12:27:27,30,Destroyer - Dashing Reindeer,44,SVAROG,O,2016,??,Gingerbread Guard
2022-12-20 12:27:32,30,Destroyer - Dashing Reindeer,43,PULSE,O,1017,???,Destroyer - Dashing Reindeer
2022-12-20 12:28:19,30,Destroyer - Dashing Reindeer,99,PULSE,O,3010,?,Goliath Factory
2022-12-20 12:28:27,30,Destroyer - Dashing Reindeer,98,PULSE,O,3005,?,Striker
2022-12-20 12:28:36,30,Destroyer - Dashing Reindeer,97,SVAROG,O,2006,??,Manticore
2022-12-20 12:28:36,30,Destroyer - Dashing Reindeer,96,SVAROG,O,3004,?,Jaeger
2022-12-20 12:28:36,30,Destroyer - Dashing Reindeer,95,SVAROG,O,2008,??,Guard_SWAP
2022-12-20 12:28:36,30,Destroyer - Dashing Reindeer,94,SVAROG,O,3003,?,Guard
2022-12-20 12:28:36,30,Destroyer - Dashing Reindeer,93,SVAROG,O,3001,?,Ripper
2022-12-20 12:28:36,30,Destroyer - Dashing Reindeer,92,SVAROG,O,3009,?,Jaguar
2022-12-20 12:28:36,30,Destroyer - Dashing Reindeer,91,SVAROG,O,3006,?,Dinergate
2022-12-20 12:28:36,30,Destroyer - Dashing Reindeer,90,SVAROG,O,3001,?,Ripper
2022-12-20 12:28:36,30,Destroyer - Dashing Reindeer,89,SVAROG,O,2016,??,Gingerbread Guard
2022-12-20 12:28:36,30,Destroyer - Dashing Reindeer,88,SVAROG,O,3010,?,Goliath Factory
2022-12-20 12:28:42,30,Destroyer - Dashing Reindeer,87,PULSE,O,3008,?,Prowler
2022-12-20 12:28:50,30,Destroyer - Dashing Reindeer,86,PULSE,O,3010,?,Goliath Factory
2022-12-20 12:29:00,30,Destroyer - Dashing Reindeer,85,SVAROG,O,3001,?,Ripper
2022-12-20 12:29:00,30,Destroyer - Dashing Reindeer,84,SVAROG,O,3008,?,Prowler
2022-12-20 12:29:00,30,Destroyer - Dashing Reindeer,83,SVAROG,O,3001,?,Ripper
2022-12-20 12:29:00,30,Destroyer - Dashing Reindeer,82,SVAROG,O,3008,?,Prowler
2022-12-20 12:29:00,30,Destroyer - Dashing Reindeer,81,SVAROG,O,3001,?,Ripper
2022-12-20 12:29:00,30,Destroyer - Dashing Reindeer,80,SVAROG,O,2005,??,Tarantula
2022-12-20 12:29:00,30,Destroyer - Dashing Reindeer,79,SVAROG,O,3008,?,Prowler
2022-12-20 12:29:00,30,Destroyer - Dashing Reindeer,78,SVAROG,O,3002,?,Vespid
2022-12-20 12:29:00,30,Destroyer - Dashing Reindeer,77,SVAROG,O,3002,?,Vespid
2022-12-20 12:29:00,30,Destroyer - Dashing Reindeer,76,SVAROG,O,3004,?,Jaeger
2022-12-20 12:30:03,30,Destroyer - Dashing Reindeer,75,PULSE,O,3006,?,Dinergate
2022-12-20 12:30:14,30,Destroyer - Dashing Reindeer,74,SVAROG,O,3009,?,Jaguar
2022-12-20 12:30:14,30,Destroyer - Dashing Reindeer,73,SVAROG,O,3003,?,Guard
2022-12-20 12:30:14,30,Destroyer - Dashing Reindeer,72,SVAROG,O,3005,?,Striker
2022-12-20 12:30:14,30,Destroyer - Dashing Reindeer,71,SVAROG,O,3009,?,Jaguar
2022-12-20 12:30:14,30,Destroyer - Dashing Reindeer,70,SVAROG,O,2004,??,Nemeum
2022-12-20 12:30:14,30,Destroyer - Dashing Reindeer,69,SVAROG,O,1017,???,Destroyer - Dashing Reindeer
2022-12-20 12:30:14,30,Destroyer - Dashing Reindeer,68,SVAROG,O,3006,?,Dinergate
2022-12-20 12:30:14,30,Destroyer - Dashing Reindeer,67,SVAROG,O,3005,?,Striker
2022-12-20 12:30:14,30,Destroyer - Dashing Reindeer,66,SVAROG,O,2008,??,Guard_SWAP
2022-12-20 12:30:14,30,Destroyer - Dashing Reindeer,65,SVAROG,O,2002,??,Dragoon
2022-12-20 12:30:37,30,Destroyer - Dashing Reindeer,99,SVAROG,O,3009,?,Jaguar
2022-12-20 12:30:37,30,Destroyer - Dashing Reindeer,98,SVAROG,O,3007,?,Scout
2022-12-20 12:30:37,30,Destroyer - Dashing Reindeer,97,SVAROG,O,3010,?,Goliath Factory
2022-12-20 12:30:37,30,Destroyer - Dashing Reindeer,96,SVAROG,O,2003,??,Aegis
2022-12-20 12:30:37,30,Destroyer - Dashing Reindeer,95,SVAROG,O,2002,??,Dragoon
2022-12-20 12:30:37,30,Destroyer - Dashing Reindeer,94,SVAROG,O,3006,?,Dinergate
2022-12-20 12:30:37,30,Destroyer - Dashing Reindeer,93,SVAROG,O,2004,??,Nemeum
2022-12-20 12:30:37,30,Destroyer - Dashing Reindeer,92,SVAROG,O,3005,?,Striker
2022-12-20 12:30:37,30,Destroyer - Dashing Reindeer,91,SVAROG,O,3008,?,Prowler
2022-12-20 12:30:37,30,Destroyer - Dashing Reindeer,90,SVAROG,O,3010,?,Goliath Factory
2022-12-20 12:30:44,30,Destroyer - Dashing Reindeer,89,SVAROG,O,2003,??,Aegis
2022-12-20 12:30:44,30,Destroyer - Dashing Reindeer,88,SVAROG,O,2005,??,Tarantula
2022-12-20 12:30:44,30,Destroyer - Dashing Reindeer,87,SVAROG,O,2016,??,Gingerbread Guard
2022-12-20 12:30:44,30,Destroyer - Dashing Reindeer,86,SVAROG,O,3006,?,Dinergate
2022-12-20 12:30:44,30,Destroyer - Dashing Reindeer,85,SVAROG,O,3004,?,Jaeger
2022-12-20 12:30:44,30,Destroyer - Dashing Reindeer,84,SVAROG,O,2016,??,Gingerbread Guard
2022-12-20 12:30:44,30,Destroyer - Dashing Reindeer,83,SVAROG,O,3007,?,Scout
2022-12-20 12:30:44,30,Destroyer - Dashing Reindeer,82,SVAROG,O,2006,??,Manticore
2022-12-20 12:30:44,30,Destroyer - Dashing Reindeer,81,SVAROG,O,3005,?,Striker
2022-12-20 12:30:44,30,Destroyer - Dashing Reindeer,80,SVAROG,O,3005,?,Striker
2022-12-20 12:30:50,30,Destroyer - Dashing Reindeer,79,SVAROG,O,3004,?,Jaeger
2022-12-20 12:30:50,30,Destroyer - Dashing Reindeer,78,SVAROG,O,3004,?,Jaeger
2022-12-20 12:30:50,30,Destroyer - Dashing Reindeer,77,SVAROG,O,3008,?,Prowler
2022-12-20 12:30:50,30,Destroyer - Dashing Reindeer,76,SVAROG,O,3007,?,Scout
2022-12-20 12:30:50,30,Destroyer - Dashing Reindeer,75,SVAROG,O,2004,??,Nemeum
2022-12-20 12:30:50,30,Destroyer - Dashing Reindeer,74,SVAROG,O,3006,?,Dinergate
2022-12-20 12:30:50,30,Destroyer - Dashing Reindeer,73,SVAROG,O,3004,?,Jaeger
2022-12-20 12:30:50,30,Destroyer - Dashing Reindeer,72,SVAROG,O,3007,?,Scout
2022-12-20 12:30:50,30,Destroyer - Dashing Reindeer,71,SVAROG,O,3010,?,Goliath Factory
2022-12-20 12:30:50,30,Destroyer - Dashing Reindeer,70,SVAROG,O,3007,?,Scout
2022-12-20 12:30:55,30,Destroyer - Dashing Reindeer,69,SVAROG,O,2005,??,Tarantula
2022-12-20 12:30:55,30,Destroyer - Dashing Reindeer,68,SVAROG,O,3006,?,Dinergate
2022-12-20 12:30:55,30,Destroyer - Dashing Reindeer,67,SVAROG,O,3004,?,Jaeger
2022-12-20 12:30:55,30,Destroyer - Dashing Reindeer,66,SVAROG,O,3008,?,Prowler
2022-12-20 12:30:55,30,Destroyer - Dashing Reindeer,65,SVAROG,O,3003,?,Guard
2022-12-20 12:30:55,30,Destroyer - Dashing Reindeer,64,SVAROG,O,3009,?,Jaguar
2022-12-20 12:30:55,30,Destroyer - Dashing Reindeer,63,SVAROG,O,2004,??,Nemeum
2022-12-20 12:30:55,30,Destroyer - Dashing Reindeer,62,SVAROG,O,3002,?,Vespid
2022-12-20 12:30:55,30,Destroyer - Dashing Reindeer,61,SVAROG,O,2005,??,Tarantula
2022-12-20 12:30:55,30,Destroyer - Dashing Reindeer,60,SVAROG,O,3002,?,Vespid
2022-12-20 12:32:16,30,Destroyer - Dashing Reindeer,59,SVAROG,O,3001,?,Ripper
2022-12-20 23:18:10,30,Destroyer - Dashing Reindeer,52,SVAROG,O,3010,?,Goliath Factory
2022-12-20 23:18:14,30,Destroyer - Dashing Reindeer,51,SVAROG,O,3002,?,Vespid
2022-12-20 23:18:18,30,Destroyer - Dashing Reindeer,50,SVAROG,O,2005,??,Tarantula
2022-12-20 23:18:22,30,Destroyer - Dashing Reindeer,49,SVAROG,O,3001,?,Ripper
2022-12-20 23:18:25,30,Destroyer - Dashing Reindeer,48,SVAROG,O,3002,?,Vespid
2022-12-20 23:18:29,30,Destroyer - Dashing Reindeer,47,SVAROG,O,2004,??,Nemeum
2022-12-20 23:18:34,30,Destroyer - Dashing Reindeer,46,PULSE,O,3007,?,Scout
2022-12-20 23:18:44,30,Destroyer - Dashing Reindeer,45,PULSE,O,3003,?,Guard
2022-12-20 23:18:52,30,Destroyer - Dashing Reindeer,44,SVAROG,O,3001,?,Ripper
2022-12-20 23:18:52,30,Destroyer - Dashing Reindeer,43,SVAROG,O,1017,???,Destroyer - Dashing Reindeer
2022-12-20 23:18:52,30,Destroyer - Dashing Reindeer,42,SVAROG,O,2006,??,Manticore
2022-12-20 23:18:52,30,Destroyer - Dashing Reindeer,41,SVAROG,O,3003,?,Guard
2022-12-20 23:18:52,30,Destroyer - Dashing Reindeer,40,SVAROG,O,3006,?,Dinergate
2022-12-20 23:18:52,30,Destroyer - Dashing Reindeer,39,SVAROG,O,3006,?,Dinergate
2022-12-20 23:18:52,30,Destroyer - Dashing Reindeer,38,SVAROG,O,3005,?,Striker
2022-12-20 23:18:52,30,Destroyer - Dashing Reindeer,37,SVAROG,O,2006,??,Manticore
2022-12-20 23:18:52,30,Destroyer - Dashing Reindeer,36,SVAROG,O,2003,??,Aegis
2022-12-20 23:18:52,30,Destroyer - Dashing Reindeer,35,SVAROG,O,2008,??,Guard_SWAP
2022-12-20 23:19:43,30,Destroyer - Dashing Reindeer,99,SVAROG,O,2008,??,Guard_SWAP
2022-12-20 23:19:43,30,Destroyer - Dashing Reindeer,98,SVAROG,O,3003,?,Guard
2022-12-20 23:19:43,30,Destroyer - Dashing Reindeer,97,SVAROG,O,3006,?,Dinergate
2022-12-20 23:19:43,30,Destroyer - Dashing Reindeer,96,SVAROG,O,2004,??,Nemeum
2022-12-20 23:19:43,30,Destroyer - Dashing Reindeer,95,SVAROG,O,3009,?,Jaguar
2022-12-20 23:19:43,30,Destroyer - Dashing Reindeer,94,SVAROG,O,2005,??,Tarantula
2022-12-20 23:19:43,30,Destroyer - Dashing Reindeer,93,SVAROG,O,2016,??,Gingerbread Guard
2022-12-20 23:19:43,30,Destroyer - Dashing Reindeer,92,SVAROG,O,3007,?,Scout
2022-12-20 23:19:43,30,Destroyer - Dashing Reindeer,91,SVAROG,O,3001,?,Ripper
2022-12-20 23:19:43,30,Destroyer - Dashing Reindeer,90,SVAROG,O,3001,?,Ripper
2022-12-20 23:19:49,30,Destroyer - Dashing Reindeer,89,SVAROG,O,3002,?,Vespid
2022-12-20 23:19:49,30,Destroyer - Dashing Reindeer,88,SVAROG,O,3005,?,Striker
2022-12-20 23:19:49,30,Destroyer - Dashing Reindeer,87,SVAROG,O,2004,??,Nemeum
2022-12-20 23:19:49,30,Destroyer - Dashing Reindeer,86,SVAROG,O,3003,?,Guard
2022-12-20 23:19:49,30,Destroyer - Dashing Reindeer,85,SVAROG,O,3004,?,Jaeger
2022-12-20 23:19:49,30,Destroyer - Dashing Reindeer,84,SVAROG,O,3009,?,Jaguar
2022-12-20 23:19:49,30,Destroyer - Dashing Reindeer,83,SVAROG,O,2005,??,Tarantula
2022-12-20 23:19:49,30,Destroyer - Dashing Reindeer,82,SVAROG,O,2016,??,Gingerbread Guard
2022-12-20 23:19:49,30,Destroyer - Dashing Reindeer,81,SVAROG,O,2006,??,Manticore
2022-12-20 23:19:49,30,Destroyer - Dashing Reindeer,80,SVAROG,O,3008,?,Prowler
2022-12-20 23:19:55,30,Destroyer - Dashing Reindeer,79,SVAROG,O,3001,?,Ripper
2022-12-20 23:19:55,30,Destroyer - Dashing Reindeer,78,SVAROG,O,3007,?,Scout
2022-12-20 23:19:55,30,Destroyer - Dashing Reindeer,77,SVAROG,O,2008,??,Guard_SWAP
2022-12-20 23:19:55,30,Destroyer - Dashing Reindeer,76,SVAROG,O,2006,??,Manticore
2022-12-20 23:21:01,30,Destroyer - Dashing Reindeer,75,SVAROG,O,2002,??,Dragoon
2022-12-20 23:21:01,30,Destroyer - Dashing Reindeer,74,SVAROG,O,2006,??,Manticore
2022-12-20 23:21:01,30,Destroyer - Dashing Reindeer,73,SVAROG,O,3010,?,Goliath Factory
2022-12-20 23:21:01,30,Destroyer - Dashing Reindeer,72,SVAROG,O,2008,??,Guard_SWAP
2022-12-20 23:21:01,30,Destroyer - Dashing Reindeer,71,SVAROG,O,3008,?,Prowler
2022-12-20 23:21:01,30,Destroyer - Dashing Reindeer,70,SVAROG,O,1017,???,Destroyer - Dashing Reindeer
2022-12-20 23:21:01,30,Destroyer - Dashing Reindeer,69,SVAROG,O,3004,?,Jaeger
2022-12-20 23:21:01,30,Destroyer - Dashing Reindeer,68,SVAROG,O,2006,??,Manticore
2022-12-20 23:21:01,30,Destroyer - Dashing Reindeer,67,SVAROG,O,3002,?,Vespid
2022-12-20 23:21:01,30,Destroyer - Dashing Reindeer,66,SVAROG,O,3004,?,Jaeger
2022-12-21 12:10:05,21,Ouroboros,90,PULSE,O,2005,??,Tarantula
2022-12-22 10:46:45,21,Ouroboros,89,PULSE,O,3007,?,Scout
2022-12-22 10:46:54,21,Ouroboros,88,PULSE,O,3001,?,Ripper
2022-12-23 10:43:50,21,Ouroboros,87,PULSE,O,3004,?,Jaeger
2022-12-23 10:44:00,21,Ouroboros,86,PULSE,O,3008,?,Prowler
2022-12-24 10:42:26,21,Ouroboros,85,PULSE,O,3010,?,Goliath Factory
2022-12-24 10:42:42,21,Ouroboros,84,PULSE,O,3004,?,Jaeger
2022-12-25 11:10:36,21,Ouroboros,82,PULSE,O,3010,?,Goliath Factory
