Datetime,ProduceType,InputLevel,SpendResource,Type,ID,Name,Rank
2021-10-13 19:21:28,GUN,NORMAL,800/800/100/400,SMG,25,MP40,??
2021-10-13 20:29:34,GUN,NORMAL,800/800/100/400,AR,66,Type56-1,????
2021-10-13 20:33:49,EQUIP,SPECIAL_OFFER,10/150/90/100,AP,17,M61 Armor-Piercing Ammo,??
2021-10-13 20:33:49,EQUIP,SPECIAL_OFFER,10/150/90/100,AP,17,M61 Armor-Piercing Ammo,??
2021-10-13 20:33:49,EQUIP,SPECIAL_OFFER,10/150/90/100,AP,19,Mk169 Armor-Piercing Ammo,????
2021-10-13 20:33:49,EQUIP,SPECIAL_OFFER,10/150/90/100,AP,18,M993 Armor-Piercing Ammo,???
2021-10-13 21:01:34,GUN,NORMAL,800/800/100/400,SMG,29,STEN Mk?,???
2021-10-14 07:47:41,EQUIP,SPECIAL_OFFER,10/150/90/100,AP,17,M61 Armor-Piercing Ammo,??
2021-10-14 07:47:41,EQUIP,SPECIAL_OFFER,10/150/90/100,AP,17,M61 Armor-Piercing Ammo,??
2021-10-14 07:47:41,EQUIP,SPECIAL_OFFER,10/150/90/100,AP,17,M61 Armor-Piercing Ammo,??
2021-10-14 07:47:41,EQUIP,SPECIAL_OFFER,10/150/90/100,AP,18,M993 Armor-Piercing Ammo,???
2021-10-14 07:47:45,EQUIP,HEAVY-1,500/500/500/500,OPTICAL,2,LRA 2-12x50,???
2021-10-14 07:47:45,EQUIP,HEAVY-1,500/500/500/500,NIGHTEQUIP,14,PEQ-5,???
2021-10-14 07:47:45,EQUIP,HEAVY-1,500/500/500/500,TEXO,38,IOP T2 Exoskeleton,???
2021-10-14 07:47:45,EQUIP,HEAVY-1,500/500/500/500,NIGHTEQUIP,15,PEQ-15,????
2021-10-14 07:47:55,GUN,NORMAL,91/400/400/30,SMG,92,Spectre M4,??
2021-10-14 07:47:55,GUN,NORMAL,91/400/400/30,SMG,26,Gr MP5,????
2021-10-14 09:10:15,GUN,NORMAL,91/400/400/30,AR,71,Galil,??
2021-10-14 10:57:01,GUN,NORMAL,91/400/400/30,AR,70,FF FNC,???
2021-10-14 12:10:51,GUN,NORMAL,91/400/400/30,AR,107,FF F2000,??
2021-10-14 16:33:24,GUN,NORMAL,91/400/400/30,AR,66,Type56-1,????
2021-10-14 16:33:24,GUN,NORMAL,91/400/400/30,AR,74,SIG-510,??
2021-10-15 07:56:39,EQUIP,HEAVY-1,500/500/500/500,ARMORPLATE,42,Type 1 Armor Plate,???
2021-10-15 07:56:39,EQUIP,HEAVY-1,500/500/500/500,NIGHTEQUIP,14,PEQ-5,???
2021-10-15 07:56:39,EQUIP,HEAVY-1,500/500/500/500,NIGHTEQUIP,14,PEQ-5,???
2021-10-15 07:56:39,EQUIP,HEAVY-1,500/500/500/500,HOLO,7,EOT 516,????
2021-10-15 08:30:42,EQUIP,HEAVY-1,2000/500/2000/1000,HOLO,6,EOT 512,???
2021-10-15 08:30:42,EQUIP,HEAVY-1,2000/500/2000/1000,NIGHTEQUIP,15,PEQ-15,????
2021-10-15 08:30:42,EQUIP,HEAVY-1,2000/500/2000/1000,TEXO,38,IOP T2 Exoskeleton,???
2021-10-15 10:27:09,GUN,NORMAL,91/400/400/30,AR,74,SIG-510,??
2021-10-15 11:29:13,GUN,NORMAL,91/400/400/30,AR,72,TAR-21,????
2021-10-15 13:50:17,GUN,NORMAL,91/400/400/30,SMG,94,Type64,??
2021-10-15 15:16:15,GUN,NORMAL,91/400/400/30,AR,58,AK-47,???
2021-10-15 15:16:15,GUN,NORMAL,91/400/400/30,AR,68,L85A1,??
2021-10-15 18:39:44,GUN,NORMAL,91/400/400/30,AR,63,Gr G3,??
2021-10-15 18:39:44,GUN,NORMAL,91/400/400/30,AR,74,SIG-510,??
2021-10-15 18:39:50,GUN,NORMAL,91/400/400/30,SMG,25,MP40,??
2021-10-15 18:39:50,GUN,NORMAL,91/400/400/30,AR,66,Type56-1,????
2021-10-15 18:39:58,GUN,NORMAL,91/400/400/30,AR,71,Galil,??
2021-10-15 18:39:58,GUN,NORMAL,91/400/400/30,AR,70,FF FNC,???
2021-10-15 18:40:04,GUN,NORMAL,91/400/400/30,AR,71,Galil,??
2021-10-15 18:40:04,GUN,NORMAL,91/400/400/30,AR,64,Gr G36,????
2021-10-15 19:09:27,GUN,NORMAL,800/800/100/400,AR,237,SAR-21,????
2021-10-15 19:09:27,GUN,NORMAL,800/800/100/400,MG,87,MG34,??
2021-10-15 19:09:35,GUN,NORMAL,800/800/100/400,MG,86,MG42,???
2021-10-15 19:09:35,GUN,NORMAL,800/800/100/400,MG,88,MG3,????
2021-10-15 19:09:50,GUN,NORMAL,800/800/100/400,MG,111,AAT-52,??
2021-10-15 19:09:50,GUN,NORMAL,800/800/100/400,MG,87,MG34,??
2021-10-15 19:10:04,GUN,NORMAL,800/800/100/400,MG,111,AAT-52,??
2021-10-15 19:10:04,GUN,NORMAL,800/800/100/400,MG,86,MG42,???
2021-10-15 19:10:19,GUN,NORMAL,800/800/100/400,MG,81,LWMMG,??
2021-10-15 19:10:19,GUN,NORMAL,800/800/100/400,MG,111,AAT-52,??
2021-10-15 19:10:27,GUN,NORMAL,800/800/100/400,AR,60,AS Val,????
2021-10-15 19:10:27,GUN,NORMAL,800/800/100/400,AR,63,Gr G3,??
2021-10-15 19:10:35,GUN,NORMAL,800/800/100/400,SMG,32,Micro Uzi,???
2021-10-15 19:10:35,GUN,NORMAL,800/800/100/400,MG,110,FG42,??
2021-10-15 19:10:38,GUN,NORMAL,800/800/100/400,MG,89,Bren,???
2021-10-16 16:45:40,GUN,NORMAL,400/91/400/30,AR,66,Type56-1,????
2021-10-16 16:45:40,GUN,NORMAL,400/91/400/30,AR,61,StG44,???
2021-10-16 16:45:46,GUN,NORMAL,400/91/400/30,AR,70,FF FNC,???
2021-10-16 16:45:46,GUN,NORMAL,400/91/400/30,AR,107,FF F2000,??
2021-10-16 16:45:51,GUN,NORMAL,400/91/400/30,RF,44,SV-98,???
2021-10-16 16:45:51,GUN,NORMAL,400/91/400/30,RF,47,G43,??
2021-10-16 16:45:56,GUN,NORMAL,400/91/400/30,RF,47,G43,??
2021-10-16 16:45:56,GUN,NORMAL,400/91/400/30,RF,34,M1 Garand,???
2021-10-16 16:46:04,GUN,NORMAL,400/91/400/30,RF,37,M14,???
2021-10-16 16:46:04,GUN,NORMAL,400/91/400/30,AR,105,OTs-12,???
2021-10-16 16:46:11,GUN,NORMAL,400/91/400/30,RF,184,T-5000,????
2021-10-16 16:46:11,GUN,NORMAL,400/91/400/30,RF,41,SKS,??
2021-10-16 16:46:16,GUN,NORMAL,400/91/400/30,RF,40,SVT-38,??
2021-10-16 16:46:16,GUN,NORMAL,400/91/400/30,SMG,27,Skorpion,???
2021-10-16 16:46:21,GUN,NORMAL,400/91/400/30,AR,71,Galil,??
2021-10-16 16:46:21,GUN,NORMAL,400/91/400/30,AR,262,EM-2,????
2021-10-16 16:46:27,GUN,NORMAL,400/91/400/30,RF,41,SKS,??
2021-10-16 16:46:27,GUN,NORMAL,400/91/400/30,AR,288,CR-21,????
2021-10-16 16:46:33,GUN,NORMAL,400/91/400/30,RF,41,SKS,??
2021-10-16 16:46:33,GUN,NORMAL,400/91/400/30,AR,63,Gr G3,??
2021-10-16 16:46:39,GUN,NORMAL,400/91/400/30,SMG,21,PPSh-41,??
2021-10-16 16:46:43,GUN,NORMAL,400/91/400/30,RF,51,FF FN49,??
2021-10-16 16:46:43,GUN,NORMAL,400/91/400/30,RF,44,SV-98,???
2021-10-16 16:46:48,GUN,NORMAL,400/91/400/30,RF,52,VM59,??
2021-10-16 16:46:48,GUN,NORMAL,400/91/400/30,SMG,27,Skorpion,???
2021-10-16 16:46:55,GUN,NORMAL,400/91/400/30,AR,68,L85A1,??
2021-10-16 16:46:55,GUN,NORMAL,400/91/400/30,SMG,32,Micro Uzi,???
2021-10-17 09:56:33,GUN,NORMAL,400/91/400/30,RF,52,VM59,??
2021-10-17 09:56:33,GUN,NORMAL,400/91/400/30,RF,53,NTW-20,?????
2021-10-17 09:56:40,GUN,NORMAL,400/91/400/30,RF,52,VM59,??
2021-10-17 09:56:48,GUN,NORMAL,400/91/400/30,RF,42,PTRD,????
2021-10-17 09:56:50,GUN,NORMAL,400/91/400/30,RF,247,K31,????
2021-10-17 09:57:02,GUN,NORMAL,400/91/400/30,SMG,25,MP40,??
2021-10-17 09:57:03,GUN,NORMAL,400/91/400/30,RF,148,IWS 2000,?????
2021-10-17 09:57:45,EQUIP,NORMAL,120/92/60/152,NIGHTEQUIP,13,PEQ-2,??
2021-10-17 09:57:45,EQUIP,NORMAL,120/92/60/152,XEXO,55,IOP X1 Exoskeleton,??
2021-10-17 09:57:45,EQUIP,NORMAL,120/92/60/152,SUPPRESSOR,63,AC1 Suppressor,??
2021-10-17 09:57:45,EQUIP,NORMAL,120/92/60/152,CLOAK,88,Camouflage Cape,???
2021-10-17 09:57:49,EQUIP,HEAVY-1,500/500/500/500,XEXO,56,IOP X2 Exoskeleton,???
2021-10-17 09:57:49,EQUIP,HEAVY-1,500/500/500/500,TEXO,38,IOP T2 Exoskeleton,???
2021-10-17 09:57:49,EQUIP,HEAVY-1,500/500/500/500,SUPPRESSOR,64,AC2 Suppressor,???
2021-10-17 09:57:49,EQUIP,HEAVY-1,500/500/500/500,NIGHTEQUIP,14,PEQ-5,???
2021-10-17 11:46:23,GUN,NORMAL,400/91/400/30,SMG,27,Skorpion,???
2021-10-17 11:46:23,GUN,NORMAL,400/91/400/30,RF,40,SVT-38,??
2021-10-17 14:33:01,GUN,NORMAL,400/91/400/30,SMG,17,M3,??
2021-10-17 16:15:46,GUN,NORMAL,400/91/400/30,RF,235,SPR A3G,????
2021-10-17 16:15:46,GUN,NORMAL,400/91/400/30,RF,184,T-5000,????
2021-10-17 20:56:21,GUN,NORMAL,400/91/400/30,SMG,21,PPSh-41,??
2021-10-17 20:56:21,GUN,NORMAL,400/91/400/30,SMG,32,Micro Uzi,???
2021-10-18 16:30:13,GUN,NORMAL,91/400/400/30,AR,216,XM8,????
2021-10-18 16:30:13,GUN,NORMAL,91/400/400/30,AR,72,TAR-21,????
2021-10-19 09:45:53,GUN,NORMAL,91/400/400/30,AR,107,FF F2000,??
2021-10-19 09:45:53,GUN,NORMAL,91/400/400/30,AR,61,StG44,???
2021-10-19 09:46:21,EQUIP,SPECIAL_OFFER,10/150/90/100,AP,18,M993 Armor-Piercing Ammo,???
2021-10-19 09:46:21,EQUIP,SPECIAL_OFFER,10/150/90/100,AP,19,Mk169 Armor-Piercing Ammo,????
2021-10-19 09:46:21,EQUIP,SPECIAL_OFFER,10/150/90/100,AP,17,M61 Armor-Piercing Ammo,??
2021-10-19 09:46:21,EQUIP,SPECIAL_OFFER,10/150/90/100,AP,18,M993 Armor-Piercing Ammo,???
2021-10-19 12:31:31,GUN,NORMAL,91/400/400/30,SMG,18,Ingram,???
2021-10-19 13:06:12,GUN,NORMAL,91/400/400/30,AR,61,StG44,???
2021-10-19 16:21:10,GUN,NORMAL,91/400/400/30,SMG,33,m45,??
2021-10-19 16:21:10,GUN,NORMAL,91/400/400/30,AR,205,AN-94,?????
2021-10-21 09:30:15,GUN,NORMAL,91/400/400/30,AR,133,Type63,??
2021-10-21 09:30:15,GUN,NORMAL,91/400/400/30,AR,61,StG44,???
2021-10-21 09:30:23,EQUIP,SPECIAL_OFFER,10/230/120/80,HV,30,JSP High-Velocity Ammo,???
2021-10-21 09:30:23,EQUIP,SPECIAL_OFFER,10/230/120/80,HV,30,JSP High-Velocity Ammo,???
2021-10-21 09:30:23,EQUIP,SPECIAL_OFFER,10/230/120/80,HV,30,JSP High-Velocity Ammo,???
2021-10-21 09:30:23,EQUIP,SPECIAL_OFFER,10/230/120/80,HV,30,JSP High-Velocity Ammo,???
2021-10-21 09:30:30,EQUIP,HEAVY-1,500/500/500/500,OPTICAL,2,LRA 2-12x50,???
2021-10-21 09:30:30,EQUIP,HEAVY-1,500/500/500/500,SUPPRESSOR,64,AC2 Suppressor,???
2021-10-21 09:30:30,EQUIP,HEAVY-1,500/500/500/500,NIGHTEQUIP,14,PEQ-5,???
2021-10-21 09:30:30,EQUIP,HEAVY-1,500/500/500/500,SUPPRESSOR,64,AC2 Suppressor,???
2021-10-21 12:33:57,GUN,NORMAL,91/400/400/30,SMG,92,Spectre M4,??
2021-10-21 12:33:57,GUN,NORMAL,91/400/400/30,AR,68,L85A1,??
2021-10-22 16:51:05,GUN,NORMAL,91/400/400/30,AR,105,OTs-12,???
2021-10-22 16:51:05,GUN,NORMAL,91/400/400/30,AR,262,EM-2,????
2021-10-22 16:51:25,EQUIP,SPECIAL_OFFER,10/150/90/100,AP,17,M61 Armor-Piercing Ammo,??
2021-10-22 16:51:25,EQUIP,SPECIAL_OFFER,10/150/90/100,AP,17,M61 Armor-Piercing Ammo,??
2021-10-22 16:51:25,EQUIP,SPECIAL_OFFER,10/150/90/100,AP,19,Mk169 Armor-Piercing Ammo,????
2021-10-22 16:51:25,EQUIP,SPECIAL_OFFER,10/150/90/100,AP,19,Mk169 Armor-Piercing Ammo,????
2021-10-22 16:51:43,EQUIP,HEAVY-1,500/500/500/500,CLOAK,88,Camouflage Cape,???
2021-10-22 16:51:43,EQUIP,HEAVY-1,500/500/500/500,NIGHTEQUIP,15,PEQ-15,????
2021-10-22 16:51:43,EQUIP,HEAVY-1,500/500/500/500,TEXO,38,IOP T2 Exoskeleton,???
2021-10-22 16:51:43,EQUIP,HEAVY-1,500/500/500/500,CLOAK,89,Urban Camouflage Cape,????
2021-10-22 18:28:18,GUN,NORMAL,91/400/400/30,AR,66,Type56-1,????
2021-10-22 18:28:18,GUN,NORMAL,91/400/400/30,AR,58,AK-47,???
2021-10-23 09:05:22,GUN,NORMAL,91/400/400/30,AR,68,L85A1,??
2021-10-23 09:05:22,GUN,NORMAL,91/400/400/30,AR,107,FF F2000,??
2021-10-23 09:05:55,EQUIP,NORMAL,60/250/152/92,AP,17,M61 Armor-Piercing Ammo,??
2021-10-23 09:05:55,EQUIP,NORMAL,60/250/152/92,AP,17,M61 Armor-Piercing Ammo,??
2021-10-23 09:05:55,EQUIP,NORMAL,60/250/152/92,NIGHTEQUIP,13,PEQ-2,??
2021-10-23 09:05:55,EQUIP,NORMAL,60/250/152/92,TEXO,37,IOP T1 Exoskeleton,??
2021-10-23 09:06:05,EQUIP,HEAVY-1,500/500/500/500,NIGHTEQUIP,14,PEQ-5,???
2021-10-23 09:06:05,EQUIP,HEAVY-1,500/500/500/500,FAIRY,25,Twin Fairies,?
2021-10-23 09:06:05,EQUIP,HEAVY-1,500/500/500/500,HOLO,6,EOT 512,???
2021-10-23 09:06:05,EQUIP,HEAVY-1,500/500/500/500,REDDOT,10,AMP COMPM4,???
2021-10-23 10:54:43,GUN,NORMAL,91/400/400/30,SMG,27,Skorpion,???
2021-10-23 10:54:43,GUN,NORMAL,91/400/400/30,SMG,27,Skorpion,???
2021-10-23 10:54:48,GUN,NORMAL,91/400/400/30,SMG,17,M3,??
2021-10-23 10:54:48,GUN,NORMAL,91/400/400/30,AR,68,L85A1,??
2021-10-23 10:54:54,GUN,NORMAL,91/400/400/30,AR,293,AK-15,?????
2021-10-23 10:54:54,GUN,NORMAL,91/400/400/30,SMG,32,Micro Uzi,???
2021-10-23 10:55:04,GUN,NORMAL,91/400/400/30,AR,133,Type63,??
2021-10-23 10:55:04,GUN,NORMAL,91/400/400/30,AR,293,AK-15,?????
2021-10-23 10:55:07,GUN,NORMAL,91/400/400/30,AR,118,9A-91,????
2021-10-23 10:55:07,GUN,NORMAL,91/400/400/30,AR,61,StG44,???
2021-10-23 10:55:11,GUN,NORMAL,91/400/400/30,AR,63,Gr G3,??
2021-10-23 10:55:11,GUN,NORMAL,91/400/400/30,AR,74,SIG-510,??
2021-10-23 10:55:15,GUN,NORMAL,91/400/400/30,AR,71,Galil,??
2021-10-23 10:55:15,GUN,NORMAL,91/400/400/30,SMG,93,IDW,??
2021-10-23 10:55:18,GUN,NORMAL,91/400/400/30,SMG,92,Spectre M4,??
2021-10-23 10:55:18,GUN,NORMAL,91/400/400/30,AR,61,StG44,???
2021-10-23 10:55:23,GUN,NORMAL,91/400/400/30,AR,290,89 Shiki,?????
2021-10-23 10:55:23,GUN,NORMAL,91/400/400/30,SMG,94,Type64,??
2021-10-23 10:55:57,GUN,NORMAL,800/800/100/400,MG,264,Chauchat,????
2021-10-23 10:55:57,GUN,NORMAL,800/800/100/400,MG,82,DP28,??
2021-10-23 10:56:02,GUN,NORMAL,800/800/100/400,MG,110,FG42,??
2021-10-23 10:56:02,GUN,NORMAL,800/800/100/400,MG,264,Chauchat,????
2021-10-23 10:56:06,GUN,NORMAL,800/800/100/400,MG,75,M1918,????
2021-10-23 10:56:06,GUN,NORMAL,800/800/100/400,AR,107,FF F2000,??
2021-10-23 10:56:09,GUN,NORMAL,800/800/100/400,MG,81,LWMMG,??
2021-10-23 10:56:09,GUN,NORMAL,800/800/100/400,MG,80,M1919A4,???
2021-10-23 10:56:12,GUN,NORMAL,800/800/100/400,MG,78,M60,????
2021-10-23 10:56:12,GUN,NORMAL,800/800/100/400,MG,185,Ameli,????
2021-10-23 10:56:15,GUN,NORMAL,800/800/100/400,SMG,103,UMP45,????
2021-10-23 10:56:15,GUN,NORMAL,800/800/100/400,MG,86,MG42,???
2021-10-23 10:56:17,GUN,NORMAL,800/800/100/400,MG,111,AAT-52,??
2021-10-23 10:56:17,GUN,NORMAL,800/800/100/400,MG,109,Gr MG5,?????
2021-10-23 10:56:20,GUN,NORMAL,800/800/100/400,SMG,24,PP-2000,??
2021-10-23 10:56:20,GUN,NORMAL,800/800/100/400,MG,80,M1919A4,???
2021-10-23 10:56:22,GUN,NORMAL,800/800/100/400,MG,78,M60,????
2021-10-23 10:56:22,GUN,NORMAL,800/800/100/400,MG,111,AAT-52,??
2021-10-23 10:56:26,GUN,NORMAL,800/800/100/400,MG,109,Gr MG5,?????
2021-10-23 10:56:26,GUN,NORMAL,800/800/100/400,MG,86,MG42,???
2021-10-23 10:56:30,GUN,NORMAL,800/800/100/400,MG,87,MG34,??
2021-10-23 10:56:30,GUN,NORMAL,800/800/100/400,MG,80,M1919A4,???
2021-10-23 10:56:35,GUN,NORMAL,800/800/100/400,MG,75,M1918,????
2021-10-23 10:56:35,GUN,NORMAL,800/800/100/400,MG,81,LWMMG,??
2021-10-23 10:56:38,GUN,NORMAL,800/800/100/400,AR,69,Fr FAMAS,????
2021-10-23 10:56:38,GUN,NORMAL,800/800/100/400,SMG,94,Type64,??
2021-10-23 10:56:42,GUN,NORMAL,800/800/100/400,MG,110,FG42,??
2021-10-23 10:56:42,GUN,NORMAL,800/800/100/400,MG,81,LWMMG,??
2021-10-23 10:56:46,GUN,NORMAL,800/800/100/400,AR,60,AS Val,????
2021-10-23 10:56:46,GUN,NORMAL,800/800/100/400,MG,75,M1918,????
2021-10-23 10:56:50,GUN,NORMAL,800/800/100/400,SMG,286,K-PDW,????
2021-10-23 10:56:50,GUN,NORMAL,800/800/100/400,MG,149,AEK-999,????
2021-10-23 10:56:54,GUN,NORMAL,800/800/100/400,SMG,33,m45,??
2021-10-23 10:56:54,GUN,NORMAL,800/800/100/400,MG,238,QJY-88,?????
2021-10-23 10:57:04,GUN,NORMAL,400/400/100/30,SMG,103,UMP45,????
2021-10-23 10:57:04,GUN,NORMAL,400/400/100/30,SMG,24,PP-2000,??
2021-10-23 10:57:08,GUN,NORMAL,400/400/100/30,SMG,16,Thompson,?????
2021-10-23 10:57:08,GUN,NORMAL,400/400/100/30,SMG,31,M38,??
2021-10-23 10:57:11,GUN,NORMAL,400/400/100/30,SMG,25,MP40,??
2021-10-23 10:57:11,GUN,NORMAL,400/400/100/30,SMG,16,Thompson,?????
2021-10-23 10:57:44,GUN,NORMAL,400/400/100/30,AR,69,Fr FAMAS,????
2021-10-23 10:57:44,GUN,NORMAL,400/400/100/30,SMG,25,MP40,??
2021-10-23 10:57:49,GUN,NORMAL,400/400/100/30,SMG,150,Shipka,????
2021-10-23 10:57:49,GUN,NORMAL,400/400/100/30,SMG,32,Micro Uzi,???
2021-10-23 10:57:52,GUN,NORMAL,400/400/100/30,SMG,94,Type64,??
2021-10-23 10:57:52,GUN,NORMAL,400/400/100/30,AR,118,9A-91,????
2021-10-23 10:57:55,GUN,NORMAL,400/400/100/30,SMG,25,MP40,??
2021-10-23 10:57:55,GUN,NORMAL,400/400/100/30,SMG,29,STEN Mk?,???
2021-10-23 10:57:59,GUN,NORMAL,400/400/100/30,SMG,135,SR-3MP,?????
2021-10-23 10:57:59,GUN,NORMAL,400/400/100/30,SMG,286,K-PDW,????
2021-10-23 10:58:02,GUN,NORMAL,400/400/100/30,SMG,92,Spectre M4,??
2021-10-23 10:58:02,GUN,NORMAL,400/400/100/30,AR,69,Fr FAMAS,????
2021-10-23 10:58:04,GUN,NORMAL,400/400/100/30,SMG,93,IDW,??
2021-10-23 10:58:04,GUN,NORMAL,400/400/100/30,AR,63,Gr G3,??
2021-10-23 10:58:07,GUN,NORMAL,400/400/100/30,SMG,304,SAF,????
2021-10-23 10:58:07,GUN,NORMAL,400/400/100/30,AR,63,Gr G3,??
2021-10-23 10:58:35,GUN,NORMAL,400/91/400/30,SMG,24,PP-2000,??
2021-10-23 10:58:35,GUN,NORMAL,400/91/400/30,RF,46,Kar98k,?????
2021-10-23 10:58:38,GUN,NORMAL,400/91/400/30,RF,257,M200,?????
2021-10-23 10:58:38,GUN,NORMAL,400/91/400/30,RF,197,Carcano M1891,?????
2021-10-23 10:58:41,GUN,NORMAL,400/91/400/30,AR,65,416,?????
2021-10-23 10:58:41,GUN,NORMAL,400/91/400/30,RF,184,T-5000,????
2021-10-23 10:58:47,GUN,NORMAL,400/91/400/30,RF,37,M14,???
2021-10-23 10:58:47,GUN,NORMAL,400/91/400/30,RF,44,SV-98,???
2021-10-23 10:58:51,GUN,NORMAL,400/91/400/30,RF,37,M14,???
2021-10-23 10:58:51,GUN,NORMAL,400/91/400/30,SMG,24,PP-2000,??
2021-10-23 10:58:54,GUN,NORMAL,400/91/400/30,SMG,24,PP-2000,??
2021-10-23 10:58:54,GUN,NORMAL,400/91/400/30,RF,37,M14,???
2021-10-23 10:58:57,GUN,NORMAL,400/91/400/30,SMG,16,Thompson,?????
2021-10-23 10:58:57,GUN,NORMAL,400/91/400/30,SMG,33,m45,??
2021-10-23 10:59:00,GUN,NORMAL,400/91/400/30,RF,40,SVT-38,??
2021-10-23 10:59:00,GUN,NORMAL,400/91/400/30,RF,43,SVD,????
2021-10-23 10:59:03,GUN,NORMAL,400/91/400/30,RF,34,M1 Garand,???
2021-10-23 10:59:03,GUN,NORMAL,400/91/400/30,RF,43,SVD,????
2021-10-23 10:59:06,GUN,NORMAL,400/91/400/30,RF,40,SVT-38,??
2021-10-23 10:59:06,GUN,NORMAL,400/91/400/30,RF,51,FF FN49,??
2021-10-23 10:59:09,GUN,NORMAL,400/91/400/30,RF,235,SPR A3G,????
2021-10-23 10:59:09,GUN,NORMAL,400/91/400/30,RF,51,FF FN49,??
2021-10-23 10:59:13,GUN,NORMAL,400/91/400/30,RF,270,4 Shiki,????
2021-10-23 10:59:13,GUN,NORMAL,400/91/400/30,RF,305,Tabuk,????
2021-10-23 10:59:16,GUN,NORMAL,400/91/400/30,RF,44,SV-98,???
2021-10-23 10:59:16,GUN,NORMAL,400/91/400/30,SMG,93,IDW,??
2021-10-23 10:59:18,GUN,NORMAL,400/91/400/30,RF,184,T-5000,????
2021-10-23 10:59:18,GUN,NORMAL,400/91/400/30,RF,337,De Lisle,?????
2021-10-23 10:59:23,GUN,NORMAL,400/91/400/30,RF,247,K31,????
2021-10-23 10:59:23,GUN,NORMAL,400/91/400/30,RF,34,M1 Garand,???
2021-10-23 10:59:26,GUN,NORMAL,400/91/400/30,RF,39,Mosin-Nagant,????
2021-10-23 10:59:26,GUN,NORMAL,400/91/400/30,RF,43,SVD,????
2021-10-23 10:59:29,GUN,NORMAL,400/91/400/30,RF,51,FF FN49,??
2021-10-23 10:59:29,GUN,NORMAL,400/91/400/30,RF,261,QBU-88,?????
2021-10-23 10:59:32,GUN,NORMAL,400/91/400/30,SMG,33,m45,??
2021-10-23 10:59:32,GUN,NORMAL,400/91/400/30,RF,305,Tabuk,????
2021-10-23 10:59:35,GUN,NORMAL,400/91/400/30,SMG,92,Spectre M4,??
2021-10-23 10:59:35,GUN,NORMAL,400/91/400/30,RF,41,SKS,??
2021-10-23 10:59:38,GUN,NORMAL,400/91/400/30,RF,44,SV-98,???
2021-10-23 10:59:38,GUN,NORMAL,400/91/400/30,SMG,22,PPS-43,???
2021-10-23 10:59:45,GUN,NORMAL,400/91/400/30,RF,184,T-5000,????
2021-10-23 11:00:13,GUN,NORMAL,400/91/400/30,RF,41,SKS,??
2021-10-23 11:00:13,GUN,NORMAL,400/91/400/30,RF,52,VM59,??
2021-10-23 11:00:16,GUN,NORMAL,400/91/400/30,RF,47,G43,??
2021-10-23 11:00:16,GUN,NORMAL,400/91/400/30,RF,39,Mosin-Nagant,????
2021-10-23 11:00:19,GUN,NORMAL,400/91/400/30,SMG,31,M38,??
2021-10-23 11:00:19,GUN,NORMAL,400/91/400/30,RF,247,K31,????
2021-10-23 11:00:28,GUN,NORMAL,400/91/400/30,RF,235,SPR A3G,????
2021-10-23 11:00:28,GUN,NORMAL,400/91/400/30,SMG,92,Spectre M4,??
2021-10-23 11:01:36,GUN,NORMAL,400/91/400/30,RF,329,SVCh,?????
2021-10-23 11:01:36,GUN,NORMAL,400/91/400/30,RF,198,Carcano M91/38,?????
2021-10-23 11:02:53,GUN,NORMAL,800/800/100/400,MG,82,DP28,??
2021-10-23 11:02:53,GUN,NORMAL,800/800/100/400,MG,80,M1919A4,???
2021-10-23 11:03:50,GUN,NORMAL,800/800/100/400,MG,88,MG3,????
2021-10-23 11:03:50,GUN,NORMAL,800/800/100/400,AR,60,AS Val,????
2021-10-23 11:03:54,GUN,NORMAL,800/800/100/400,AR,71,Galil,??
2021-10-23 11:03:54,GUN,NORMAL,800/800/100/400,AR,60,AS Val,????
2021-10-23 11:03:58,GUN,NORMAL,800/800/100/400,SMG,25,MP40,??
2021-10-23 11:03:58,GUN,NORMAL,800/800/100/400,AR,66,Type56-1,????
2021-10-23 11:04:01,GUN,NORMAL,800/800/100/400,MG,238,QJY-88,?????
2021-10-23 11:04:01,GUN,NORMAL,800/800/100/400,MG,263,Gr MG36,?????
2021-10-23 11:04:04,GUN,NORMAL,800/800/100/400,MG,86,MG42,???
2021-10-23 11:04:04,GUN,NORMAL,800/800/100/400,MG,88,MG3,????
2021-10-23 11:04:06,GUN,NORMAL,800/800/100/400,MG,173,PKP,?????
2021-10-23 11:04:06,GUN,NORMAL,800/800/100/400,MG,173,PKP,?????
2021-10-23 16:18:09,GUN,NORMAL,800/800/100/400,SMG,25,MP40,??
2021-10-23 16:18:09,GUN,NORMAL,800/800/100/400,SMG,24,PP-2000,??
2021-10-23 16:18:16,GUN,NORMAL,800/800/100/400,MG,75,M1918,????
2021-10-23 16:18:19,GUN,NORMAL,800/800/100/400,AR,58,AK-47,???
2021-10-24 10:09:37,GUN,NORMAL,800/800/100/400,SMG,304,SAF,????
2021-10-24 10:09:37,GUN,NORMAL,800/800/100/400,AR,74,SIG-510,??
2021-10-24 10:09:47,EQUIP,NORMAL,120/92/60/152,AMMOBOX,67,IOP High-Capacity Ammo Box,????
2021-10-24 10:09:47,EQUIP,NORMAL,120/92/60/152,XEXO,55,IOP X1 Exoskeleton,??
2021-10-24 10:09:47,EQUIP,NORMAL,120/92/60/152,XEXO,56,IOP X2 Exoskeleton,???
2021-10-24 10:09:47,EQUIP,NORMAL,120/92/60/152,CLOAK,87,Ragged Cape,??
2021-10-24 15:25:23,GUN,NORMAL,800/800/100/400,MG,77,M2HB,???
2021-10-24 15:25:23,GUN,NORMAL,800/800/100/400,AR,69,Fr FAMAS,????
2021-10-24 16:45:20,GUN,NORMAL,800/800/100/400,MG,149,AEK-999,????
2021-10-24 16:45:20,GUN,NORMAL,800/800/100/400,SMG,26,Gr MP5,????
2021-10-24 16:45:26,GUN,NORMAL,800/800/100/400,SMG,23,PP-90,????
2021-10-24 16:45:26,GUN,NORMAL,800/800/100/400,MG,82,DP28,??
2021-10-24 16:45:29,GUN,NORMAL,800/800/100/400,MG,88,MG3,????
2021-10-24 16:45:29,GUN,NORMAL,800/800/100/400,MG,88,MG3,????
2021-10-24 16:45:32,GUN,NORMAL,800/800/100/400,MG,263,Gr MG36,?????
2021-10-24 16:45:32,GUN,NORMAL,800/800/100/400,AR,58,AK-47,???
2021-10-24 16:45:36,GUN,NORMAL,800/800/100/400,AR,107,FF F2000,??
2021-10-24 16:45:36,GUN,NORMAL,800/800/100/400,MG,78,M60,????
2021-10-24 16:45:38,GUN,NORMAL,800/800/100/400,SMG,93,IDW,??
2021-10-24 16:45:38,GUN,NORMAL,800/800/100/400,MG,78,M60,????
2021-10-24 16:45:41,GUN,NORMAL,800/800/100/400,MG,89,Bren,???
2021-10-24 16:45:41,GUN,NORMAL,800/800/100/400,SMG,92,Spectre M4,??
2021-10-24 17:50:34,GUN,NORMAL,800/800/100/400,MG,110,FG42,??
2021-10-24 17:50:34,GUN,NORMAL,800/800/100/400,AR,74,SIG-510,??
2021-10-24 17:50:39,GUN,NORMAL,800/800/100/400,MG,110,FG42,??
2021-10-24 17:50:39,GUN,NORMAL,800/800/100/400,AR,68,L85A1,??
2021-10-24 17:50:42,GUN,NORMAL,800/800/100/400,SMG,93,IDW,??
2021-10-24 17:50:42,GUN,NORMAL,800/800/100/400,AR,70,FF FNC,???
2021-10-24 17:50:46,GUN,NORMAL,800/800/100/400,MG,111,AAT-52,??
2021-10-24 17:50:46,GUN,NORMAL,800/800/100/400,MG,264,Chauchat,????
2021-10-25 10:52:42,GUN,NORMAL,800/800/100/400,MG,111,AAT-52,??
2021-10-25 10:52:42,GUN,NORMAL,800/800/100/400,MG,86,MG42,???
2021-10-25 10:52:46,GUN,NORMAL,800/800/100/400,AR,133,Type63,??
2021-10-25 10:52:46,GUN,NORMAL,800/800/100/400,MG,77,M2HB,???
2021-10-25 10:53:19,EQUIP,SPECIAL_OFFER,10/150/90/100,AP,17,M61 Armor-Piercing Ammo,??
2021-10-25 10:53:19,EQUIP,SPECIAL_OFFER,10/150/90/100,AP,17,M61 Armor-Piercing Ammo,??
2021-10-25 10:53:19,EQUIP,SPECIAL_OFFER,10/150/90/100,AP,17,M61 Armor-Piercing Ammo,??
2021-10-25 10:53:19,EQUIP,SPECIAL_OFFER,10/150/90/100,AP,17,M61 Armor-Piercing Ammo,??
2021-10-25 14:10:02,EQUIP,HEAVY-1,500/500/500/500,SUPPRESSOR,64,AC2 Suppressor,???
2021-10-25 14:10:02,EQUIP,HEAVY-1,500/500/500/500,ARMORPLATE,42,Type 1 Armor Plate,???
2021-10-25 14:10:02,EQUIP,HEAVY-1,500/500/500/500,ARMORPLATE,42,Type 1 Armor Plate,???
2021-10-25 14:10:02,EQUIP,HEAVY-1,500/500/500/500,SUPPRESSOR,64,AC2 Suppressor,???
2021-10-25 14:36:13,EQUIP,HEAVY-1,500/500/500/500,FAIRY,4,Shield Fairy,?
2021-10-25 14:36:13,EQUIP,HEAVY-1,500/500/500/500,OPTICAL,2,LRA 2-12x50,???
2021-10-25 14:36:13,EQUIP,HEAVY-1,500/500/500/500,REDDOT,10,AMP COMPM4,???
2021-10-25 14:36:13,EQUIP,HEAVY-1,500/500/500/500,NIGHTEQUIP,15,PEQ-15,????
2021-10-27 09:37:06,GUN,HEAVY-3,8000/1000/8000/4000,SG,326,512,????
2021-10-27 09:37:13,GUN,HEAVY-3,8000/1000/8000/4000,SG,162,SPAS-12,????
2021-10-27 09:37:44,GUN,HEAVY-3,8000/1000/8000/4000,SG,165,M1014,????
2021-10-27 09:37:51,GUN,HEAVY-3,8000/1000/8000/4000,SMG,16,Thompson,?????
2021-10-27 09:38:37,GUN,HEAVY-3,8000/1000/8000/4000,SG,324,M6 ASW,?????
2021-10-27 09:38:37,GUN,HEAVY-3,8000/1000/8000/4000,RF,42,PTRD,????
2021-10-27 14:02:07,GUN,HEAVY-3,8000/1000/8000/4000,SG,156,Super-Shorty,????
2021-10-27 14:36:53,GUN,NORMAL,800/800/100/400,MG,82,DP28,??
2021-10-27 15:31:53,GUN,NORMAL,800/800/100/400,MG,77,M2HB,???
2021-10-28 08:38:08,GUN,NORMAL,800/800/100/400,AR,69,Fr FAMAS,????
2021-10-28 08:38:08,GUN,NORMAL,800/800/100/400,MG,149,AEK-999,????
2021-10-28 08:38:14,EQUIP,SPECIAL_OFFER,10/150/90/100,AP,18,M993 Armor-Piercing Ammo,???
2021-10-28 08:38:14,EQUIP,SPECIAL_OFFER,10/150/90/100,AP,18,M993 Armor-Piercing Ammo,???
2021-10-28 08:38:14,EQUIP,SPECIAL_OFFER,10/150/90/100,AP,17,M61 Armor-Piercing Ammo,??
2021-10-28 08:38:14,EQUIP,SPECIAL_OFFER,10/150/90/100,AP,18,M993 Armor-Piercing Ammo,???
2021-10-28 15:09:32,GUN,NORMAL,800/800/100/400,MG,87,MG34,??
2021-10-28 16:29:06,GUN,HEAVY-3,8000/1000/8000/4000,SMG,26,Gr MP5,????
2021-10-28 16:30:15,GUN,HEAVY-3,8000/1000/8000/4000,SG,165,M1014,????
2021-10-28 16:31:01,GUN,HEAVY-3,8000/1000/8000/4000,RF,39,Mosin-Nagant,????
2021-10-28 16:31:57,GUN,HEAVY-3,8000/1000/8000/4000,SG,283,Liberator,????
2021-10-29 09:00:56,EQUIP,HEAVY-3,2000/500/2000/1000,FAIRY,16,Rescue Fairy,?
2021-10-29 09:00:56,EQUIP,HEAVY-3,2000/500/2000/1000,HOLO,7,EOT 516,????
2021-10-29 09:00:56,EQUIP,HEAVY-3,2000/500/2000/1000,FAIRY,1,Warrior Fairy,?
2021-10-29 09:00:56,EQUIP,HEAVY-3,2000/500/2000/1000,FAIRY,17,Illumination Fairy,?
2021-10-29 09:01:16,EQUIP,HEAVY-3,2000/500/2000/1000,FAIRY,7,Sniper Fairy,?
2021-10-29 11:56:39,EQUIP,HEAVY-3,2000/2000/2000/1000,FAIRY,10,Reinforcement Fairy,?
2021-10-29 15:00:49,GUN,NORMAL,800/800/100/400,MG,82,DP28,??
2021-10-29 15:00:49,GUN,NORMAL,800/800/100/400,AR,68,L85A1,??
2021-10-29 15:37:06,EQUIP,HEAVY-3,2000/2000/2000/1000,FAIRY,12,Landmine Fairy,?
2021-10-29 17:06:40,EQUIP,HEAVY-3,2000/2000/2000/1000,REDDOT,12,ITI MARS,?????
2021-10-29 20:11:19,EQUIP,HEAVY-3,2000/2000/2000/1000,SUPPRESSOR,65,AC3 Suppressor,????
2021-10-29 20:11:21,EQUIP,HEAVY-3,2000/2000/2000/1000,FAIRY,5,Defense Fairy,?
2021-10-30 12:51:33,EQUIP,HEAVY-3,2000/2000/2000/1000,HV,31,JHP High-Velocity Ammo,????
2021-10-30 13:24:44,GUN,NORMAL,800/800/100/400,AR,71,Galil,??
2021-10-30 13:24:46,GUN,NORMAL,800/800/100/400,MG,87,MG34,??
2021-10-30 13:26:18,EQUIP,NORMAL,10/10/10/10,XEXO,55,IOP X1 Exoskeleton,??
2021-10-30 13:26:18,EQUIP,NORMAL,10/10/10/10,NIGHTEQUIP,13,PEQ-2,??
2021-10-30 13:26:18,EQUIP,NORMAL,10/10/10/10,OPTICAL,1,BM 3-12X40,??
2021-10-30 13:26:18,EQUIP,NORMAL,10/10/10/10,OPTICAL,2,LRA 2-12x50,???
2021-10-30 13:30:50,EQUIP,HEAVY-3,2000/2000/2000/1000,FAIRY,9,Airstrike Fairy,?
2021-10-30 15:52:36,EQUIP,HEAVY-3,2000/2000/2000/1000,OPTICAL,4,VFL 6-24X56,?????
2021-10-30 16:32:54,GUN,NORMAL,800/800/100/400,MG,111,AAT-52,??
2021-10-30 18:52:39,GUN,NORMAL,800/800/100/400,MG,199,Type80,????
2021-10-30 20:07:12,EQUIP,HEAVY-3,2000/2000/2000/1000,FAIRY,14,Construction Fairy,?
2021-10-30 22:25:12,EQUIP,HEAVY-3,2000/2000/2000/1000,FAIRY,10,Reinforcement Fairy,?
2021-10-31 16:04:36,GUN,NORMAL,800/800/100/400,AR,105,OTs-12,???
2021-10-31 16:08:59,GUN,NORMAL,800/800/100/400,SMG,29,STEN Mk?,???
2021-11-02 07:44:55,GUN,NORMAL,800/800/100/400,MG,86,MG42,???
2021-11-02 07:44:55,GUN,NORMAL,800/800/100/400,MG,238,QJY-88,?????
2021-11-02 10:19:54,EQUIP,HEAVY-1,2000/500/2000/1000,FAIRY,10,Reinforcement Fairy,?
2021-11-02 10:20:27,EQUIP,SPECIAL_OFFER,70/10/150/30,NIGHTEQUIP,13,PEQ-2,??
2021-11-02 10:20:27,EQUIP,SPECIAL_OFFER,70/10/150/30,NIGHTEQUIP,13,PEQ-2,??
2021-11-02 10:20:27,EQUIP,SPECIAL_OFFER,70/10/150/30,NIGHTEQUIP,14,PEQ-5,???
2021-11-02 10:20:27,EQUIP,SPECIAL_OFFER,70/10/150/30,NIGHTEQUIP,13,PEQ-2,??
2021-11-02 12:45:56,EQUIP,HEAVY-1,2000/500/2000/1000,XEXO,57,IOP X3 Exoskeleton,????
2021-11-02 15:24:20,GUN,NORMAL,800/800/100/400,MG,87,MG34,??
2021-11-02 15:24:20,GUN,NORMAL,800/800/100/400,MG,111,AAT-52,??
2021-11-02 18:33:54,EQUIP,HEAVY-1,2000/500/2000/1000,SUPPRESSOR,66,AC4 Suppressor,?????
2021-11-03 18:49:04,EQUIP,HEAVY-1,2000/500/2000/1000,REDDOT,10,AMP COMPM4,???
2021-11-03 18:49:06,EQUIP,HEAVY-1,2000/500/2000/1000,CLOAK,89,Urban Camouflage Cape,????
2021-11-03 19:18:07,EQUIP,HEAVY-1,2000/500/2000/1000,ARMORPLATE,42,Type 1 Armor Plate,???
2021-11-04 10:25:48,GUN,NORMAL,800/800/100/400,SMG,101,UMP9,????
2021-11-04 10:25:48,GUN,NORMAL,800/800/100/400,MG,80,M1919A4,???
2021-11-04 10:25:55,EQUIP,SPECIAL_OFFER,70/10/150/30,NIGHTEQUIP,14,PEQ-5,???
2021-11-04 10:25:55,EQUIP,SPECIAL_OFFER,70/10/150/30,NIGHTEQUIP,13,PEQ-2,??
2021-11-04 10:25:55,EQUIP,SPECIAL_OFFER,70/10/150/30,NIGHTEQUIP,15,PEQ-15,????
2021-11-04 10:25:55,EQUIP,SPECIAL_OFFER,70/10/150/30,NIGHTEQUIP,14,PEQ-5,???
2021-11-04 10:26:01,EQUIP,HEAVY-1,2000/500/2000/1000,HOLO,7,EOT 516,????
2021-11-04 10:26:03,EQUIP,HEAVY-1,2000/500/2000/1000,TEXO,39,IOP T3 Exoskeleton,????
2021-11-04 10:26:07,EQUIP,HEAVY-1,2000/500/2000/1000,REDDOT,10,AMP COMPM4,???
2021-11-04 10:26:09,EQUIP,HEAVY-1,2000/500/2000/1000,FAIRY,3,Armor Fairy,?
2021-11-04 13:38:04,GUN,NORMAL,800/800/100/400,AR,107,FF F2000,??
2021-11-04 16:06:03,GUN,NORMAL,800/800/100/400,MG,125,Gr MG4,?????
2021-11-06 08:12:50,GUN,NORMAL,800/800/100/400,MG,149,AEK-999,????
2021-11-06 08:12:50,GUN,NORMAL,800/800/100/400,MG,110,FG42,??
2021-11-06 08:13:40,EQUIP,NORMAL,60/250/152/92,TEXO,38,IOP T2 Exoskeleton,???
2021-11-06 08:13:40,EQUIP,NORMAL,60/250/152/92,AP,17,M61 Armor-Piercing Ammo,??
2021-11-06 08:13:40,EQUIP,NORMAL,60/250/152/92,XEXO,55,IOP X1 Exoskeleton,??
2021-11-06 08:13:40,EQUIP,NORMAL,60/250/152/92,BUCKSHOT,76,#000 Buckshot,?????
2021-11-06 08:13:50,EQUIP,HEAVY-1,2000/500/2000/1000,OPTICAL,3,PSO-1,????
2021-11-06 08:13:52,EQUIP,HEAVY-1,2000/500/2000/1000,SUPPRESSOR,64,AC2 Suppressor,???
2021-11-06 08:13:54,EQUIP,HEAVY-1,2000/500/2000/1000,REDDOT,11,COG M150,????
2021-11-06 08:13:56,EQUIP,HEAVY-1,2000/500/2000/1000,OPTICAL,3,PSO-1,????
2021-11-06 14:16:00,GUN,NORMAL,800/800/100/400,SMG,17,M3,??
2021-11-06 14:33:07,GUN,NORMAL,800/800/100/400,MG,80,M1919A4,???
2021-11-07 10:02:09,GUN,NORMAL,800/800/100/400,MG,82,DP28,??
2021-11-07 10:02:09,GUN,NORMAL,800/800/100/400,MG,238,QJY-88,?????
2021-11-07 10:02:23,EQUIP,NORMAL,60/250/152/92,HV,30,JSP High-Velocity Ammo,???
2021-11-07 10:02:23,EQUIP,NORMAL,60/250/152/92,AP,17,M61 Armor-Piercing Ammo,??
2021-11-07 10:02:23,EQUIP,NORMAL,60/250/152/92,HP,69,ILM Hollow-Point Ammo,??
2021-11-07 10:02:23,EQUIP,NORMAL,60/250/152/92,AP,17,M61 Armor-Piercing Ammo,??
2021-11-07 10:02:29,EQUIP,HEAVY-1,2000/500/2000/1000,FAIRY,9,Airstrike Fairy,?
2021-11-07 10:02:32,EQUIP,HEAVY-1,2000/500/2000/1000,HOLO,7,EOT 516,????
2021-11-07 10:02:34,EQUIP,HEAVY-1,2000/500/2000/1000,REDDOT,10,AMP COMPM4,???
2021-11-07 10:02:36,EQUIP,HEAVY-1,2000/500/2000/1000,OPTICAL,2,LRA 2-12x50,???
2021-11-07 15:42:13,GUN,NORMAL,800/800/100/400,MG,75,M1918,????
2021-11-07 15:42:25,GUN,NORMAL,800/800/100/400,MG,89,Bren,???
2021-11-08 16:30:18,EQUIP,HEAVY-1,2000/500/2000/1000,OPTICAL,2,LRA 2-12x50,???
2021-11-08 16:30:21,EQUIP,HEAVY-1,2000/500/2000/1000,FAIRY,11,Parachute Fairy,?
2021-11-09 13:41:18,GUN,NORMAL,800/800/100/400,MG,77,M2HB,???
2021-11-09 13:41:20,GUN,NORMAL,800/800/100/400,SMG,93,IDW,??
2021-11-11 10:44:42,GUN,NORMAL,800/800/100/400,MG,89,Bren,???
2021-11-11 10:44:43,GUN,NORMAL,800/800/100/400,SMG,29,STEN Mk?,???
2021-11-11 10:44:48,EQUIP,SPECIAL_OFFER,70/10/150/30,NIGHTEQUIP,14,PEQ-5,???
2021-11-11 10:44:48,EQUIP,SPECIAL_OFFER,70/10/150/30,NIGHTEQUIP,13,PEQ-2,??
2021-11-11 10:44:48,EQUIP,SPECIAL_OFFER,70/10/150/30,NIGHTEQUIP,13,PEQ-2,??
2021-11-11 10:44:48,EQUIP,SPECIAL_OFFER,70/10/150/30,NIGHTEQUIP,14,PEQ-5,???
2021-11-11 10:44:54,EQUIP,HEAVY-1,2000/500/2000/1000,ARMORPLATE,42,Type 1 Armor Plate,???
2021-11-11 10:44:55,EQUIP,HEAVY-1,2000/500/2000/1000,FAIRY,10,Reinforcement Fairy,?
2021-11-11 10:44:57,EQUIP,HEAVY-1,2000/500/2000/1000,NIGHTEQUIP,14,PEQ-5,???
2021-11-11 10:44:59,EQUIP,HEAVY-1,2000/500/2000/1000,REDDOT,10,AMP COMPM4,???
2021-11-11 12:49:13,GUN,NORMAL,800/800/100/400,MG,110,FG42,??
2021-11-11 15:33:08,EQUIP,HEAVY-1,2000/500/2000/1000,HOLO,6,EOT 512,???
2021-11-11 15:33:10,EQUIP,HEAVY-1,2000/500/2000/1000,ARMORPLATE,42,Type 1 Armor Plate,???
2021-11-12 13:57:41,EQUIP,HEAVY-1,2000/500/2000/1000,REDDOT,10,AMP COMPM4,???
2021-11-12 13:57:43,EQUIP,HEAVY-1,2000/500/2000/1000,FAIRY,1,Warrior Fairy,?
2021-11-12 13:57:47,EQUIP,HEAVY-1,2000/500/2000/1000,XEXO,57,IOP X3 Exoskeleton,????
2021-11-12 13:57:50,EQUIP,HEAVY-1,2000/500/2000/1000,HOLO,6,EOT 512,???
2021-11-12 14:11:29,GUN,NORMAL,800/800/100/400,MG,77,M2HB,???
2021-11-12 18:32:21,GUN,NORMAL,800/800/100/400,MG,110,FG42,??
2021-11-13 12:36:53,GUN,NORMAL,800/800/100/400,MG,88,MG3,????
2021-11-13 15:40:40,GUN,NORMAL,800/800/100/400,MG,81,LWMMG,??
2021-11-14 13:54:39,GUN,NORMAL,800/800/100/400,MG,110,FG42,??
2021-11-14 17:31:26,GUN,NORMAL,800/800/100/400,MG,110,FG42,??
2021-11-15 08:55:16,GUN,NORMAL,800/800/100/400,SMG,26,Gr MP5,????
2021-11-15 08:55:18,GUN,NORMAL,800/800/100/400,SMG,94,Type64,??
2021-11-15 08:55:39,EQUIP,SPECIAL_OFFER,10/150/90/100,AP,18,M993 Armor-Piercing Ammo,???
2021-11-15 08:55:39,EQUIP,SPECIAL_OFFER,10/150/90/100,AP,18,M993 Armor-Piercing Ammo,???
2021-11-15 08:55:39,EQUIP,SPECIAL_OFFER,10/150/90/100,AP,20,Mk211 High-Explosive Armor-Piercing Ammo,?????
2021-11-15 08:55:39,EQUIP,SPECIAL_OFFER,10/150/90/100,AP,17,M61 Armor-Piercing Ammo,??
2021-11-15 08:55:44,EQUIP,HEAVY-1,2000/500/2000/1000,OPTICAL,2,LRA 2-12x50,???
2021-11-15 08:55:46,EQUIP,HEAVY-1,2000/500/2000/1000,FAIRY,2,Fury Fairy,?
2021-11-15 08:55:49,EQUIP,HEAVY-1,2000/500/2000/1000,TEXO,38,IOP T2 Exoskeleton,???
2021-11-15 08:55:51,EQUIP,HEAVY-1,2000/500/2000/1000,OPTICAL,4,VFL 6-24X56,?????
2021-11-15 10:24:01,GUN,NORMAL,800/800/100/400,MG,77,M2HB,???
2021-11-15 12:09:10,GUN,NORMAL,800/800/100/400,MG,121,Mk48,????
2021-11-17 08:55:34,GUN,NORMAL,400/400/100/30,SMG,23,PP-90,????
2021-11-17 08:55:36,GUN,NORMAL,400/400/100/30,SMG,29,STEN Mk?,???
2021-11-17 08:55:43,EQUIP,SPECIAL_OFFER,70/10/150/30,NIGHTEQUIP,13,PEQ-2,??
2021-11-17 08:55:43,EQUIP,SPECIAL_OFFER,70/10/150/30,NIGHTEQUIP,14,PEQ-5,???
2021-11-17 08:55:43,EQUIP,SPECIAL_OFFER,70/10/150/30,NIGHTEQUIP,13,PEQ-2,??
2021-11-17 08:55:43,EQUIP,SPECIAL_OFFER,70/10/150/30,NIGHTEQUIP,13,PEQ-2,??
2021-11-17 08:55:48,EQUIP,HEAVY-1,2000/500/2000/1000,FAIRY,15,Command Fairy,?
2021-11-17 08:55:50,EQUIP,HEAVY-1,2000/500/2000/1000,FAIRY,10,Reinforcement Fairy,?
2021-11-17 08:55:52,EQUIP,HEAVY-1,2000/500/2000/1000,FAIRY,15,Command Fairy,?
2021-11-17 08:55:54,EQUIP,HEAVY-1,2000/500/2000/1000,HOLO,6,EOT 512,???
2021-11-17 11:28:36,GUN,NORMAL,400/400/100/30,SMG,304,SAF,????
2021-11-17 11:28:36,GUN,NORMAL,400/400/100/30,AR,71,Galil,??
2021-11-18 19:09:23,EQUIP,HEAVY-1,2000/500/2000/1000,OPTICAL,2,LRA 2-12x50,???
2021-11-18 19:09:25,EQUIP,HEAVY-1,2000/500/2000/1000,OPTICAL,2,LRA 2-12x50,???
2021-11-19 11:58:21,GUN,NORMAL,400/400/100/30,SMG,33,m45,??
2021-11-19 11:58:23,GUN,NORMAL,400/400/100/30,SMG,93,IDW,??
2021-11-20 12:39:42,GUN,NORMAL,400/400/100/30,AR,133,Type63,??
2021-11-20 13:39:25,GUN,NORMAL,400/400/100/30,SMG,26,Gr MP5,????
2021-11-21 12:02:41,GUN,NORMAL,400/400/100/30,SMG,31,M38,??
2021-11-21 12:02:43,GUN,NORMAL,400/400/100/30,AR,61,StG44,???
2021-11-22 12:20:32,GUN,NORMAL,400/400/100/30,SMG,127,Type79,?????
2021-11-22 12:20:36,GUN,NORMAL,400/400/100/30,SMG,304,SAF,????
2021-11-23 17:44:06,EQUIP,SPECIAL_OFFER,70/10/150/30,NIGHTEQUIP,14,PEQ-5,???
2021-11-23 17:44:06,EQUIP,SPECIAL_OFFER,70/10/150/30,NIGHTEQUIP,13,PEQ-2,??
2021-11-23 17:44:06,EQUIP,SPECIAL_OFFER,70/10/150/30,NIGHTEQUIP,13,PEQ-2,??
2021-11-23 17:44:06,EQUIP,SPECIAL_OFFER,70/10/150/30,NIGHTEQUIP,14,PEQ-5,???
2021-11-25 02:03:56,GUN,NORMAL,400/400/100/30,SMG,33,m45,??
2021-11-25 02:03:57,GUN,NORMAL,400/400/100/30,AR,71,Galil,??
2021-11-25 02:04:11,EQUIP,SPECIAL_OFFER,70/10/150/30,NIGHTEQUIP,13,PEQ-2,??
2021-11-25 02:04:11,EQUIP,SPECIAL_OFFER,70/10/150/30,NIGHTEQUIP,13,PEQ-2,??
2021-11-25 02:04:11,EQUIP,SPECIAL_OFFER,70/10/150/30,NIGHTEQUIP,13,PEQ-2,??
2021-11-25 02:04:11,EQUIP,SPECIAL_OFFER,70/10/150/30,NIGHTEQUIP,13,PEQ-2,??
2021-11-25 02:04:18,EQUIP,HEAVY-1,2000/500/2000/1000,FAIRY,7,Sniper Fairy,?
2021-11-25 02:04:18,EQUIP,HEAVY-1,2000/500/2000/1000,NIGHTEQUIP,15,PEQ-15,????
2021-11-25 02:04:18,EQUIP,HEAVY-1,2000/500/2000/1000,NIGHTEQUIP,14,PEQ-5,???
2021-11-25 02:04:18,EQUIP,HEAVY-1,2000/500/2000/1000,FAIRY,5,Defense Fairy,?
2021-11-27 13:26:49,GUN,NORMAL,400/400/100/30,SMG,29,STEN Mk?,???
2021-11-27 15:47:20,GUN,NORMAL,400/400/100/30,AR,68,L85A1,??
2021-11-28 12:01:16,GUN,NORMAL,400/400/100/30,SMG,135,SR-3MP,?????
2021-11-28 12:01:19,GUN,NORMAL,400/400/100/30,SMG,23,PP-90,????
2021-11-28 12:01:46,EQUIP,NORMAL,120/92/60/152,CLOAK,87,Ragged Cape,??
2021-11-28 12:01:46,EQUIP,NORMAL,120/92/60/152,TEXO,37,IOP T1 Exoskeleton,??
2021-11-28 12:01:46,EQUIP,NORMAL,120/92/60/152,TEXO,38,IOP T2 Exoskeleton,???
2021-11-28 12:01:46,EQUIP,NORMAL,120/92/60/152,TEXO,38,IOP T2 Exoskeleton,???
2021-11-28 12:01:53,EQUIP,HEAVY-1,2000/500/2000/1000,NIGHTEQUIP,14,PEQ-5,???
2021-11-28 12:01:55,EQUIP,HEAVY-1,2000/500/2000/1000,CLOAK,89,Urban Camouflage Cape,????
2021-11-28 12:01:57,EQUIP,HEAVY-1,2000/500/2000/1000,SUPPRESSOR,64,AC2 Suppressor,???
2021-11-28 12:01:59,EQUIP,HEAVY-1,2000/500/2000/1000,ARMORPLATE,43,Type 2 Armor Plate,????
2021-11-28 14:39:33,GUN,NORMAL,400/400/100/30,SMG,17,M3,??
2021-11-28 14:39:34,GUN,NORMAL,400/400/100/30,AR,68,L85A1,??
2021-11-28 19:21:19,EQUIP,HEAVY-1,2000/500/2000/1000,FAIRY,7,Sniper Fairy,?
2021-12-04 09:46:29,GUN,NORMAL,400/400/100/30,SMG,304,SAF,????
2021-12-04 09:46:29,GUN,NORMAL,400/400/100/30,SMG,25,MP40,??
2021-12-04 09:46:46,EQUIP,NORMAL,120/92/60/152,XEXO,55,IOP X1 Exoskeleton,??
2021-12-04 09:46:46,EQUIP,NORMAL,120/92/60/152,SUPPRESSOR,63,AC1 Suppressor,??
2021-12-04 09:46:46,EQUIP,NORMAL,120/92/60/152,ARMORPLATE,43,Type 2 Armor Plate,????
2021-12-04 09:46:46,EQUIP,NORMAL,120/92/60/152,XEXO,55,IOP X1 Exoskeleton,??
2021-12-04 09:46:54,EQUIP,HEAVY-1,2000/500/2000/1000,FAIRY,10,Reinforcement Fairy,?
2021-12-04 09:46:54,EQUIP,HEAVY-1,2000/500/2000/1000,SUPPRESSOR,64,AC2 Suppressor,???
2021-12-04 09:46:54,EQUIP,HEAVY-1,2000/500/2000/1000,HOLO,6,EOT 512,???
2021-12-04 09:46:54,EQUIP,HEAVY-1,2000/500/2000/1000,FAIRY,5,Defense Fairy,?
2021-12-04 11:43:14,GUN,NORMAL,400/400/100/30,SMG,27,Skorpion,???
2021-12-04 12:12:57,GUN,NORMAL,400/400/100/30,AR,70,FF FNC,???
2021-12-04 21:58:47,EQUIP,HEAVY-1,2000/500/2000/1000,NIGHTEQUIP,14,PEQ-5,???
2021-12-04 21:58:47,EQUIP,HEAVY-1,2000/500/2000/1000,ARMORPLATE,44,Type 3 Armor Plate,?????
2021-12-04 21:58:47,EQUIP,HEAVY-1,2000/500/2000/1000,CLOAK,89,Urban Camouflage Cape,????
2021-12-04 21:58:47,EQUIP,HEAVY-1,2000/500/2000/1000,SUPPRESSOR,65,AC3 Suppressor,????
2021-12-05 12:25:50,GUN,NORMAL,400/400/100/30,SMG,24,PP-2000,??
2021-12-05 12:25:50,GUN,NORMAL,400/400/100/30,SMG,18,Ingram,???
2021-12-05 12:25:56,EQUIP,NORMAL,120/92/60/152,TEXO,37,IOP T1 Exoskeleton,??
2021-12-05 12:25:56,EQUIP,NORMAL,120/92/60/152,TEXO,38,IOP T2 Exoskeleton,???
2021-12-05 12:25:56,EQUIP,NORMAL,120/92/60/152,TEXO,38,IOP T2 Exoskeleton,???
2021-12-05 12:25:56,EQUIP,NORMAL,120/92/60/152,CLOAK,88,Camouflage Cape,???
2021-12-05 12:26:01,EQUIP,HEAVY-1,2000/500/2000/1000,NIGHTEQUIP,15,PEQ-15,????
2021-12-05 12:26:01,EQUIP,HEAVY-1,2000/500/2000/1000,FAIRY,17,Illumination Fairy,?
2021-12-05 12:26:01,EQUIP,HEAVY-1,2000/500/2000/1000,FAIRY,25,Twin Fairies,?
2021-12-05 12:26:01,EQUIP,HEAVY-1,2000/500/2000/1000,REDDOT,11,COG M150,????
2021-12-05 14:05:59,GUN,NORMAL,400/400/100/30,AR,71,Galil,??
2021-12-05 14:39:10,GUN,NORMAL,400/400/100/30,SMG,94,Type64,??
2021-12-07 11:48:46,GUN,NORMAL,130/130/130/30,HG,1,SAA,????
2021-12-07 11:48:46,GUN,NORMAL,130/130/130/30,HG,139,Bren Ten,??
2021-12-08 11:30:38,GUN,NORMAL,130/130/130/30,HG,10,PPK,??
2021-12-08 11:30:38,GUN,NORMAL,130/130/130/30,SMG,33,m45,??
2021-12-08 11:30:45,EQUIP,SPECIAL_OFFER,100/80/10/100,TEXO,38,IOP T2 Exoskeleton,???
2021-12-08 11:30:45,EQUIP,SPECIAL_OFFER,100/80/10/100,TEXO,38,IOP T2 Exoskeleton,???
2021-12-08 11:30:45,EQUIP,SPECIAL_OFFER,100/80/10/100,XEXO,56,IOP X2 Exoskeleton,???
2021-12-08 11:30:45,EQUIP,SPECIAL_OFFER,100/80/10/100,XEXO,56,IOP X2 Exoskeleton,???
2021-12-08 11:30:49,EQUIP,HEAVY-1,500/500/500/500,NIGHTEQUIP,14,PEQ-5,???
2021-12-08 11:30:49,EQUIP,HEAVY-1,500/500/500/500,FAIRY,3,Armor Fairy,?
2021-12-08 11:30:49,EQUIP,HEAVY-1,500/500/500/500,REDDOT,11,COG M150,????
2021-12-08 11:30:49,EQUIP,HEAVY-1,500/500/500/500,REDDOT,10,AMP COMPM4,???
2021-12-08 12:07:05,GUN,NORMAL,130/130/130/30,HG,10,PPK,??
2021-12-08 22:43:01,GUN,NORMAL,130/130/130/30,HG,212,K5,????
2021-12-09 11:46:53,GUN,NORMAL,130/130/130/30,SMG,17,M3,??
2021-12-10 11:10:44,GUN,NORMAL,130/130/130/30,SMG,17,M3,??
2021-12-10 11:10:44,GUN,NORMAL,130/130/130/30,HG,9,P38,??
2021-12-12 00:44:44,GUN,NORMAL,130/130/130/30,HG,90,FF FNP9,??
2021-12-12 00:44:45,GUN,NORMAL,130/130/130/30,HG,100,P7,????
2021-12-12 11:48:23,GUN,NORMAL,130/130/130/30,HG,90,FF FNP9,??
2021-12-12 11:48:23,GUN,NORMAL,130/130/130/30,HG,91,MP-446,??
2021-12-12 11:48:51,EQUIP,HEAVY-1,500/500/500/500,XEXO,56,IOP X2 Exoskeleton,???
2021-12-12 11:48:51,EQUIP,HEAVY-1,500/500/500/500,FAIRY,17,Illumination Fairy,?
2021-12-12 11:48:51,EQUIP,HEAVY-1,500/500/500/500,OPTICAL,3,PSO-1,????
2021-12-12 11:48:51,EQUIP,HEAVY-1,500/500/500/500,HOLO,6,EOT 512,???
2021-12-12 22:34:23,EQUIP,HEAVY-1,500/500/500/500,NIGHTEQUIP,14,PEQ-5,???
2021-12-12 22:34:23,EQUIP,HEAVY-1,500/500/500/500,NIGHTEQUIP,14,PEQ-5,???
2021-12-12 22:34:23,EQUIP,HEAVY-1,500/500/500/500,OPTICAL,3,PSO-1,????
2021-12-12 22:34:23,EQUIP,HEAVY-1,500/500/500/500,FAIRY,15,Command Fairy,?
2021-12-12 22:38:10,GUN,NORMAL,130/130/130/30,HG,90,FF FNP9,??
2021-12-12 22:38:12,GUN,NORMAL,130/130/130/30,SMG,18,Ingram,???
2021-12-12 23:29:05,GUN,NORMAL,130/130/130/30,HG,139,Bren Ten,??
2021-12-13 00:09:24,GUN,NORMAL,130/130/130/30,HG,3,M9,???
2021-12-13 10:04:34,GUN,NORMAL,130/130/130/30,HG,9,P38,??
2021-12-13 10:04:36,GUN,NORMAL,130/130/130/30,SMG,94,Type64,??
2021-12-13 12:10:59,EQUIP,HEAVY-1,500/500/500/500,TEXO,38,IOP T2 Exoskeleton,???
2021-12-13 12:10:59,EQUIP,HEAVY-1,500/500/500/500,SUPPRESSOR,65,AC3 Suppressor,????
2021-12-14 00:01:11,EQUIP,HEAVY-1,2000/500/2000/1000,HOLO,6,EOT 512,???
2021-12-14 00:01:11,EQUIP,HEAVY-1,2000/500/2000/1000,FAIRY,7,Sniper Fairy,?
2021-12-14 00:01:11,EQUIP,HEAVY-1,2000/500/2000/1000,REDDOT,11,COG M150,????
2021-12-14 00:01:11,EQUIP,HEAVY-1,2000/500/2000/1000,CLOAK,88,Camouflage Cape,???
2021-12-14 11:15:29,EQUIP,SPECIAL_OFFER,170/120/50/50,CHIP,233,#1 Processor,????
2021-12-14 11:15:29,EQUIP,SPECIAL_OFFER,170/120/50/50,CHIP,233,#1 Processor,????
2021-12-14 11:15:29,EQUIP,SPECIAL_OFFER,170/120/50/50,CHIP,232,Experimental Processor,???
2021-12-14 11:15:29,EQUIP,SPECIAL_OFFER,170/120/50/50,CHIP,233,#1 Processor,????
2021-12-14 11:15:41,EQUIP,SPECIAL_OFFER,170/120/50/50,CHIP,232,Experimental Processor,???
2021-12-14 11:15:41,EQUIP,SPECIAL_OFFER,170/120/50/50,CHIP,232,Experimental Processor,???
2021-12-14 11:15:41,EQUIP,SPECIAL_OFFER,170/120/50/50,CHIP,232,Experimental Processor,???
2021-12-14 11:15:41,EQUIP,SPECIAL_OFFER,170/120/50/50,CHIP,232,Experimental Processor,???
2021-12-14 11:15:50,EQUIP,SPECIAL_OFFER,170/120/50/50,CHIP,233,#1 Processor,????
2021-12-14 11:15:50,EQUIP,SPECIAL_OFFER,170/120/50/50,CHIP,232,Experimental Processor,???
2021-12-14 11:15:50,EQUIP,SPECIAL_OFFER,170/120/50/50,CHIP,233,#1 Processor,????
2021-12-14 11:15:50,EQUIP,SPECIAL_OFFER,170/120/50/50,CHIP,232,Experimental Processor,???
2021-12-14 11:15:56,EQUIP,SPECIAL_OFFER,170/120/50/50,CHIP,233,#1 Processor,????
2021-12-14 11:15:56,EQUIP,SPECIAL_OFFER,170/120/50/50,CHIP,233,#1 Processor,????
2021-12-14 11:15:56,EQUIP,SPECIAL_OFFER,170/120/50/50,CHIP,232,Experimental Processor,???
2021-12-14 11:15:56,EQUIP,SPECIAL_OFFER,170/120/50/50,CHIP,232,Experimental Processor,???
2021-12-14 11:16:23,EQUIP,NORMAL,170/120/50/50,REDDOT,9,AMP COMPM2,??
2021-12-14 11:16:23,EQUIP,NORMAL,170/120/50/50,NIGHTEQUIP,13,PEQ-2,??
2021-12-14 11:16:23,EQUIP,NORMAL,170/120/50/50,SUPPRESSOR,63,AC1 Suppressor,??
2021-12-14 11:16:23,EQUIP,NORMAL,170/120/50/50,OPTICAL,1,BM 3-12X40,??
2021-12-14 11:16:27,EQUIP,NORMAL,170/120/50/50,CHIP,232,Experimental Processor,???
2021-12-14 11:16:27,EQUIP,NORMAL,170/120/50/50,CHIP,233,#1 Processor,????
2021-12-14 11:16:27,EQUIP,NORMAL,170/120/50/50,OPTICAL,4,VFL 6-24X56,?????
2021-12-14 11:16:27,EQUIP,NORMAL,170/120/50/50,OPTICAL,1,BM 3-12X40,??
2021-12-14 11:16:31,EQUIP,NORMAL,170/120/50/50,ARMORPLATE,42,Type 1 Armor Plate,???
2021-12-14 11:16:31,EQUIP,NORMAL,170/120/50/50,TEXO,37,IOP T1 Exoskeleton,??
2021-12-14 11:16:31,EQUIP,NORMAL,170/120/50/50,CLOAK,87,Ragged Cape,??
2021-12-14 11:16:31,EQUIP,NORMAL,170/120/50/50,CHIP,232,Experimental Processor,???
2021-12-14 11:16:35,EQUIP,NORMAL,170/120/50/50,AP,17,M61 Armor-Piercing Ammo,??
2021-12-14 11:16:35,EQUIP,NORMAL,170/120/50/50,OPTICAL,4,VFL 6-24X56,?????
2021-12-14 11:16:35,EQUIP,NORMAL,170/120/50/50,NIGHTEQUIP,15,PEQ-15,????
2021-12-14 11:16:35,EQUIP,NORMAL,170/120/50/50,SUPPRESSOR,63,AC1 Suppressor,??
2021-12-14 11:16:39,EQUIP,NORMAL,170/120/50/50,REDDOT,11,COG M150,????
2021-12-14 11:16:39,EQUIP,NORMAL,170/120/50/50,RMR,222,RMR Red Dot Sight,???
2021-12-14 11:16:39,EQUIP,NORMAL,170/120/50/50,BUCKSHOT,73,#1 Buckshot,??
2021-12-14 11:16:39,EQUIP,NORMAL,170/120/50/50,TEXO,38,IOP T2 Exoskeleton,???
2021-12-14 11:16:42,EQUIP,NORMAL,170/120/50/50,TEXO,37,IOP T1 Exoskeleton,??
2021-12-14 11:16:42,EQUIP,NORMAL,170/120/50/50,SLUGSHELL,79,WAD Slug,????
2021-12-14 11:16:42,EQUIP,NORMAL,170/120/50/50,RMR,222,RMR Red Dot Sight,???
2021-12-14 11:16:42,EQUIP,NORMAL,170/120/50/50,RMR,222,RMR Red Dot Sight,???
2021-12-14 11:16:46,EQUIP,NORMAL,170/120/50/50,CHIP,233,#1 Processor,????
2021-12-14 11:16:46,EQUIP,NORMAL,170/120/50/50,XEXO,55,IOP X1 Exoskeleton,??
2021-12-14 11:16:46,EQUIP,NORMAL,170/120/50/50,CHIP,232,Experimental Processor,???
2021-12-14 11:16:46,EQUIP,NORMAL,170/120/50/50,CHIP,233,#1 Processor,????
2021-12-14 11:16:51,EQUIP,NORMAL,170/120/50/50,TEXO,38,IOP T2 Exoskeleton,???
2021-12-14 11:16:51,EQUIP,NORMAL,170/120/50/50,RMR,222,RMR Red Dot Sight,???
2021-12-14 11:16:51,EQUIP,NORMAL,170/120/50/50,RMR,223,RMR T2 Red Dot Sight,????
2021-12-14 11:16:51,EQUIP,NORMAL,170/120/50/50,HV,29,FMJ High-Velocity Ammo,??
2021-12-14 11:17:44,EQUIP,NORMAL,170/120/50/50,CHIP,232,Experimental Processor,???
2021-12-14 11:18:31,EQUIP,NORMAL,170/120/50/50,SUPPRESSOR,63,AC1 Suppressor,??
2021-12-14 11:18:31,EQUIP,NORMAL,170/120/50/50,XEXO,55,IOP X1 Exoskeleton,??
2021-12-14 11:18:31,EQUIP,NORMAL,170/120/50/50,XEXO,55,IOP X1 Exoskeleton,??
2021-12-14 11:18:31,EQUIP,NORMAL,170/120/50/50,AP,17,M61 Armor-Piercing Ammo,??
2021-12-14 11:18:38,EQUIP,NORMAL,170/120/50/50,RMR,222,RMR Red Dot Sight,???
2021-12-14 11:18:38,EQUIP,NORMAL,170/120/50/50,ARMORPLATE,42,Type 1 Armor Plate,???
2021-12-14 11:18:38,EQUIP,NORMAL,170/120/50/50,TEXO,37,IOP T1 Exoskeleton,??
2021-12-14 11:18:38,EQUIP,NORMAL,170/120/50/50,CHIP,232,Experimental Processor,???
2021-12-14 11:18:41,EQUIP,NORMAL,170/120/50/50,CHIP,232,Experimental Processor,???
2021-12-14 11:18:41,EQUIP,NORMAL,170/120/50/50,SUPPRESSOR,64,AC2 Suppressor,???
2021-12-14 11:18:41,EQUIP,NORMAL,170/120/50/50,ARMORPLATE,42,Type 1 Armor Plate,???
2021-12-14 11:18:41,EQUIP,NORMAL,170/120/50/50,AP,17,M61 Armor-Piercing Ammo,??
2021-12-14 11:18:48,EQUIP,NORMAL,170/120/50/50,REDDOT,9,AMP COMPM2,??
2021-12-14 11:18:48,EQUIP,NORMAL,170/120/50/50,REDDOT,10,AMP COMPM4,???
2021-12-14 11:18:48,EQUIP,NORMAL,170/120/50/50,CHIP,232,Experimental Processor,???
2021-12-14 11:18:48,EQUIP,NORMAL,170/120/50/50,HOLO,6,EOT 512,???
2021-12-14 11:18:52,EQUIP,NORMAL,170/120/50/50,SLAP,228,Mk900 SLAP,????
2021-12-14 11:18:52,EQUIP,NORMAL,170/120/50/50,HOLO,5,EOT 506,??
2021-12-14 11:18:52,EQUIP,NORMAL,170/120/50/50,HOLO,7,EOT 516,????
2021-12-14 11:18:52,EQUIP,NORMAL,170/120/50/50,SLUGSHELL,77,BK Slug,??
2021-12-14 11:18:57,EQUIP,NORMAL,170/120/50/50,SLAP,228,Mk900 SLAP,????
2021-12-14 11:18:57,EQUIP,NORMAL,170/120/50/50,NIGHTEQUIP,14,PEQ-5,???
2021-12-14 11:18:57,EQUIP,NORMAL,170/120/50/50,ARMORPLATE,43,Type 2 Armor Plate,????
2021-12-14 11:18:57,EQUIP,NORMAL,170/120/50/50,CHIP,232,Experimental Processor,???
2021-12-14 11:19:15,EQUIP,NORMAL,170/120/50/50,RMR,222,RMR Red Dot Sight,???
2021-12-14 11:19:15,EQUIP,NORMAL,170/120/50/50,XEXO,55,IOP X1 Exoskeleton,??
2021-12-14 11:19:15,EQUIP,NORMAL,170/120/50/50,CHIP,232,Experimental Processor,???
2021-12-14 11:19:15,EQUIP,NORMAL,170/120/50/50,HV,29,FMJ High-Velocity Ammo,??
2021-12-14 11:19:19,EQUIP,NORMAL,170/120/50/50,NIGHTEQUIP,13,PEQ-2,??
2021-12-14 11:19:19,EQUIP,NORMAL,170/120/50/50,RMR,223,RMR T2 Red Dot Sight,????
2021-12-14 11:19:19,EQUIP,NORMAL,170/120/50/50,BUCKSHOT,74,#0 Buckshot,???
2021-12-14 11:19:19,EQUIP,NORMAL,170/120/50/50,CHIP,234,#2 Processor,?????
2021-12-14 11:19:34,EQUIP,NORMAL,170/120/50/50,REDDOT,11,COG M150,????
2021-12-14 11:19:34,EQUIP,NORMAL,170/120/50/50,CHIP,233,#1 Processor,????
2021-12-14 11:19:34,EQUIP,NORMAL,170/120/50/50,HP,70,ILM Hollow-Point Ammo,???
2021-12-14 11:19:34,EQUIP,NORMAL,170/120/50/50,CHIP,232,Experimental Processor,???
2021-12-14 11:19:39,EQUIP,NORMAL,170/120/50/50,CHIP,232,Experimental Processor,???
2021-12-14 11:19:39,EQUIP,NORMAL,170/120/50/50,TEXO,39,IOP T3 Exoskeleton,????
2021-12-14 11:19:39,EQUIP,NORMAL,170/120/50/50,CLOAK,87,Ragged Cape,??
2021-12-14 11:19:39,EQUIP,NORMAL,170/120/50/50,CLOAK,88,Camouflage Cape,???
2021-12-14 11:19:42,EQUIP,NORMAL,170/120/50/50,CHIP,232,Experimental Processor,???
2021-12-14 11:19:42,EQUIP,NORMAL,170/120/50/50,CHIP,233,#1 Processor,????
2021-12-14 11:19:42,EQUIP,NORMAL,170/120/50/50,HP,69,ILM Hollow-Point Ammo,??
2021-12-14 11:19:42,EQUIP,NORMAL,170/120/50/50,HV,29,FMJ High-Velocity Ammo,??
2021-12-14 11:19:45,EQUIP,NORMAL,170/120/50/50,CHIP,233,#1 Processor,????
2021-12-14 11:19:45,EQUIP,NORMAL,170/120/50/50,AP,17,M61 Armor-Piercing Ammo,??
2021-12-14 11:19:45,EQUIP,NORMAL,170/120/50/50,CLOAK,87,Ragged Cape,??
2021-12-14 11:19:45,EQUIP,NORMAL,170/120/50/50,ARMORPLATE,43,Type 2 Armor Plate,????
2021-12-14 11:20:19,EQUIP,NORMAL,170/120/50/50,BUCKSHOT,74,#0 Buckshot,???
2021-12-14 11:20:19,EQUIP,NORMAL,170/120/50/50,CHIP,233,#1 Processor,????
2021-12-14 11:20:19,EQUIP,NORMAL,170/120/50/50,REDDOT,11,COG M150,????
2021-12-14 11:20:19,EQUIP,NORMAL,170/120/50/50,XEXO,57,IOP X3 Exoskeleton,????
2021-12-14 11:20:22,EQUIP,NORMAL,170/120/50/50,REDDOT,12,ITI MARS,?????
2021-12-14 11:20:22,EQUIP,NORMAL,170/120/50/50,HOLO,5,EOT 506,??
2021-12-14 11:20:22,EQUIP,NORMAL,170/120/50/50,TEXO,37,IOP T1 Exoskeleton,??
2021-12-14 11:20:22,EQUIP,NORMAL,170/120/50/50,ARMORPLATE,42,Type 1 Armor Plate,???
2021-12-14 11:20:25,EQUIP,NORMAL,170/120/50/50,BUCKSHOT,74,#0 Buckshot,???
2021-12-14 11:20:25,EQUIP,NORMAL,170/120/50/50,OPTICAL,1,BM 3-12X40,??
2021-12-14 11:20:25,EQUIP,NORMAL,170/120/50/50,OPTICAL,2,LRA 2-12x50,???
2021-12-14 11:20:25,EQUIP,NORMAL,170/120/50/50,XEXO,55,IOP X1 Exoskeleton,??
2021-12-14 11:20:28,EQUIP,NORMAL,170/120/50/50,SUPPRESSOR,63,AC1 Suppressor,??
2021-12-14 11:20:28,EQUIP,NORMAL,170/120/50/50,REDDOT,11,COG M150,????
2021-12-14 11:20:28,EQUIP,NORMAL,170/120/50/50,CHIP,232,Experimental Processor,???
2021-12-14 11:20:28,EQUIP,NORMAL,170/120/50/50,CLOAK,87,Ragged Cape,??
2021-12-14 11:20:33,EQUIP,NORMAL,170/120/50/50,SUPPRESSOR,63,AC1 Suppressor,??
2021-12-14 11:20:33,EQUIP,NORMAL,170/120/50/50,REDDOT,9,AMP COMPM2,??
2021-12-14 11:20:33,EQUIP,NORMAL,170/120/50/50,SUPPRESSOR,64,AC2 Suppressor,???
2021-12-14 11:20:33,EQUIP,NORMAL,170/120/50/50,HOLO,6,EOT 512,???
2021-12-14 11:20:36,EQUIP,NORMAL,170/120/50/50,SUPPRESSOR,64,AC2 Suppressor,???
2021-12-14 11:20:36,EQUIP,NORMAL,170/120/50/50,SUPPRESSOR,63,AC1 Suppressor,??
2021-12-14 11:20:36,EQUIP,NORMAL,170/120/50/50,SUPPRESSOR,63,AC1 Suppressor,??
2021-12-14 11:20:36,EQUIP,NORMAL,170/120/50/50,SUPPRESSOR,65,AC3 Suppressor,????
2021-12-14 11:20:39,EQUIP,NORMAL,170/120/50/50,ARMORPLATE,42,Type 1 Armor Plate,???
2021-12-14 11:20:39,EQUIP,NORMAL,170/120/50/50,M1022AP,226,M33 Sniper Rounds,????
2021-12-14 11:20:39,EQUIP,NORMAL,170/120/50/50,CHIP,232,Experimental Processor,???
2021-12-14 11:20:39,EQUIP,NORMAL,170/120/50/50,AP,17,M61 Armor-Piercing Ammo,??
2021-12-14 11:20:43,EQUIP,NORMAL,170/120/50/50,CHIP,232,Experimental Processor,???
2021-12-14 11:20:43,EQUIP,NORMAL,170/120/50/50,HP,70,ILM Hollow-Point Ammo,???
2021-12-14 11:20:43,EQUIP,NORMAL,170/120/50/50,BUCKSHOT,73,#1 Buckshot,??
2021-12-14 11:20:43,EQUIP,NORMAL,170/120/50/50,RMR,222,RMR Red Dot Sight,???
2021-12-14 11:20:47,EQUIP,NORMAL,170/120/50/50,HOLO,7,EOT 516,????
2021-12-14 11:20:47,EQUIP,NORMAL,170/120/50/50,BUCKSHOT,73,#1 Buckshot,??
2021-12-14 11:20:47,EQUIP,NORMAL,170/120/50/50,XEXO,55,IOP X1 Exoskeleton,??
2021-12-14 11:20:47,EQUIP,NORMAL,170/120/50/50,SUPPRESSOR,65,AC3 Suppressor,????
2021-12-14 11:20:51,EQUIP,NORMAL,170/120/50/50,HV,30,JSP High-Velocity Ammo,???
2021-12-14 11:20:51,EQUIP,NORMAL,170/120/50/50,SLUGSHELL,77,BK Slug,??
2021-12-14 11:20:51,EQUIP,NORMAL,170/120/50/50,NIGHTEQUIP,15,PEQ-15,????
2021-12-14 11:20:51,EQUIP,NORMAL,170/120/50/50,CHIP,232,Experimental Processor,???
2021-12-14 11:20:55,EQUIP,NORMAL,170/120/50/50,RMR,222,RMR Red Dot Sight,???
2021-12-14 11:20:55,EQUIP,NORMAL,170/120/50/50,AP,19,Mk169 Armor-Piercing Ammo,????
2021-12-14 11:20:55,EQUIP,NORMAL,170/120/50/50,CHIP,232,Experimental Processor,???
2021-12-14 11:20:55,EQUIP,NORMAL,170/120/50/50,HP,70,ILM Hollow-Point Ammo,???
2021-12-14 11:21:25,EQUIP,NORMAL,170/120/50/50,ARMORPLATE,43,Type 2 Armor Plate,????
2021-12-14 11:21:25,EQUIP,NORMAL,170/120/50/50,OPTICAL,3,PSO-1,????
2021-12-14 11:21:25,EQUIP,NORMAL,170/120/50/50,HP,69,ILM Hollow-Point Ammo,??
2021-12-14 11:21:25,EQUIP,NORMAL,170/120/50/50,HP,70,ILM Hollow-Point Ammo,???
2021-12-14 11:21:28,EQUIP,NORMAL,170/120/50/50,CHIP,232,Experimental Processor,???
2021-12-14 11:21:28,EQUIP,NORMAL,170/120/50/50,AP,17,M61 Armor-Piercing Ammo,??
2021-12-14 11:21:28,EQUIP,NORMAL,170/120/50/50,REDDOT,9,AMP COMPM2,??
2021-12-14 11:21:28,EQUIP,NORMAL,170/120/50/50,NIGHTEQUIP,15,PEQ-15,????
2021-12-14 11:21:33,EQUIP,NORMAL,170/120/50/50,CHIP,233,#1 Processor,????
2021-12-14 11:21:33,EQUIP,NORMAL,170/120/50/50,HP,70,ILM Hollow-Point Ammo,???
2021-12-14 11:21:33,EQUIP,NORMAL,170/120/50/50,OPTICAL,1,BM 3-12X40,??
2021-12-14 11:21:33,EQUIP,NORMAL,170/120/50/50,HV,29,FMJ High-Velocity Ammo,??
2021-12-14 11:21:36,EQUIP,NORMAL,170/120/50/50,HV,30,JSP High-Velocity Ammo,???
2021-12-14 11:21:36,EQUIP,NORMAL,170/120/50/50,RMR,222,RMR Red Dot Sight,???
2021-12-14 11:21:36,EQUIP,NORMAL,170/120/50/50,RMR,222,RMR Red Dot Sight,???
2021-12-14 11:21:36,EQUIP,NORMAL,170/120/50/50,CHIP,232,Experimental Processor,???
2021-12-14 11:21:52,EQUIP,NORMAL,170/120/50/50,CHIP,232,Experimental Processor,???
2021-12-14 11:21:52,EQUIP,NORMAL,170/120/50/50,NIGHTEQUIP,13,PEQ-2,??
2021-12-14 11:21:52,EQUIP,NORMAL,170/120/50/50,SUPPRESSOR,64,AC2 Suppressor,???
2021-12-14 11:21:52,EQUIP,NORMAL,170/120/50/50,NIGHTEQUIP,13,PEQ-2,??
2021-12-14 11:21:55,EQUIP,NORMAL,170/120/50/50,SUPPRESSOR,64,AC2 Suppressor,???
2021-12-14 11:21:55,EQUIP,NORMAL,170/120/50/50,OPTICAL,2,LRA 2-12x50,???
2021-12-14 11:21:55,EQUIP,NORMAL,170/120/50/50,CHIP,232,Experimental Processor,???
2021-12-14 11:21:55,EQUIP,NORMAL,170/120/50/50,TEXO,38,IOP T2 Exoskeleton,???
2021-12-14 11:21:59,EQUIP,NORMAL,170/120/50/50,REDDOT,9,AMP COMPM2,??
2021-12-14 11:21:59,EQUIP,NORMAL,170/120/50/50,RMR,222,RMR Red Dot Sight,???
2021-12-14 11:21:59,EQUIP,NORMAL,170/120/50/50,M1022AP,226,M33 Sniper Rounds,????
2021-12-14 11:21:59,EQUIP,NORMAL,170/120/50/50,ARMORPLATE,44,Type 3 Armor Plate,?????
2021-12-14 11:22:02,EQUIP,NORMAL,170/120/50/50,AP,17,M61 Armor-Piercing Ammo,??
2021-12-14 11:22:02,EQUIP,NORMAL,170/120/50/50,TEXO,39,IOP T3 Exoskeleton,????
2021-12-14 11:22:02,EQUIP,NORMAL,170/120/50/50,SUPPRESSOR,63,AC1 Suppressor,??
2021-12-14 11:22:02,EQUIP,NORMAL,170/120/50/50,RMR,222,RMR Red Dot Sight,???
2021-12-14 11:22:05,EQUIP,NORMAL,170/120/50/50,SUPPRESSOR,63,AC1 Suppressor,??
2021-12-14 11:22:05,EQUIP,NORMAL,170/120/50/50,REDDOT,9,AMP COMPM2,??
2021-12-14 11:22:05,EQUIP,NORMAL,170/120/50/50,SUPPRESSOR,63,AC1 Suppressor,??
2021-12-14 11:22:05,EQUIP,NORMAL,170/120/50/50,BUCKSHOT,73,#1 Buckshot,??
2021-12-14 11:22:08,EQUIP,NORMAL,170/120/50/50,CHIP,232,Experimental Processor,???
2021-12-14 11:22:08,EQUIP,NORMAL,170/120/50/50,CHIP,234,#2 Processor,?????
2021-12-14 11:22:08,EQUIP,NORMAL,170/120/50/50,CHIP,232,Experimental Processor,???
2021-12-14 11:22:08,EQUIP,NORMAL,170/120/50/50,HP,69,ILM Hollow-Point Ammo,??
2021-12-14 11:32:55,GUN,NORMAL,130/130/130/30,HG,99,Gr Mk23,????
2021-12-14 11:32:55,GUN,NORMAL,130/130/130/30,HG,2,M1911,??
2021-12-14 12:34:33,GUN,NORMAL,130/130/130/30,HG,9,P38,??
2021-12-14 12:34:33,GUN,NORMAL,130/130/130/30,HG,91,MP-446,??
2021-12-15 11:02:54,GUN,NORMAL,130/130/130/30,HG,99,Gr Mk23,????
2021-12-15 11:17:34,GUN,NORMAL,130/130/130/30,HG,10,PPK,??
2021-12-16 03:22:34,GUN,NORMAL,130/130/130/30,SMG,24,PP-2000,??
2021-12-16 03:22:36,GUN,NORMAL,130/130/130/30,HG,5,M1895,??
2021-12-16 03:22:47,EQUIP,NORMAL,10/300/10/10,NIGHTEQUIP,14,PEQ-5,???
2021-12-16 03:22:47,EQUIP,NORMAL,10/300/10/10,HV,30,JSP High-Velocity Ammo,???
2021-12-16 03:22:47,EQUIP,NORMAL,10/300/10/10,AP,18,M993 Armor-Piercing Ammo,???
2021-12-16 03:22:47,EQUIP,NORMAL,10/300/10/10,HP,69,ILM Hollow-Point Ammo,??
2021-12-16 03:23:37,EQUIP,HEAVY-1,500/2000/2000/1000,AP,19,Mk169 Armor-Piercing Ammo,????
2021-12-16 03:23:37,EQUIP,HEAVY-1,500/2000/2000/1000,AP,19,Mk169 Armor-Piercing Ammo,????
2021-12-16 03:23:37,EQUIP,HEAVY-1,500/2000/2000/1000,SLAP,228,Mk900 SLAP,????
2021-12-16 03:23:37,EQUIP,HEAVY-1,500/2000/2000/1000,ARMORPLATE,43,Type 2 Armor Plate,????
2021-12-16 12:00:17,GUN,NORMAL,130/130/130/30,HG,141,Gr USPCompact,??
2021-12-16 12:00:17,GUN,NORMAL,130/130/130/30,HG,6,Tokarev,???
2021-12-16 19:03:39,EQUIP,HEAVY-1,2000/500/2000/1000,XEXO,57,IOP X3 Exoskeleton,????
2021-12-16 19:03:39,EQUIP,HEAVY-1,2000/500/2000/1000,REDDOT,10,AMP COMPM4,???
2021-12-16 19:03:39,EQUIP,HEAVY-1,2000/500/2000/1000,RMR,224,RMR T4 Red Dot Sight,?????
2021-12-16 19:03:39,EQUIP,HEAVY-1,2000/500/2000/1000,FAIRY,16,Rescue Fairy,?
2021-12-16 20:05:00,EQUIP,HEAVY-1,2000/500/2000/1000,REDDOT,11,COG M150,????
2021-12-16 20:05:02,EQUIP,HEAVY-1,2000/500/2000/1000,OPTICAL,2,LRA 2-12x50,???
2021-12-16 20:05:04,EQUIP,HEAVY-1,2000/500/2000/1000,REDDOT,10,AMP COMPM4,???
2021-12-17 11:59:11,EQUIP,NORMAL,10/300/10/10,ARMORPLATE,42,Type 1 Armor Plate,???
2021-12-17 11:59:11,EQUIP,NORMAL,10/300/10/10,TEXO,37,IOP T1 Exoskeleton,??
2021-12-17 11:59:11,EQUIP,NORMAL,10/300/10/10,ARMORPLATE,42,Type 1 Armor Plate,???
2021-12-17 11:59:11,EQUIP,NORMAL,10/300/10/10,SLAP,229,Mk1000 SLAP,?????
2021-12-17 11:59:20,EQUIP,HEAVY-1,500/500/500/500,NIGHTEQUIP,14,PEQ-5,???
2021-12-17 11:59:20,EQUIP,HEAVY-1,500/500/500/500,HOLO,7,EOT 516,????
2021-12-17 11:59:20,EQUIP,HEAVY-1,500/500/500/500,SUPPRESSOR,64,AC2 Suppressor,???
2021-12-17 11:59:20,EQUIP,HEAVY-1,500/500/500/500,HOLO,6,EOT 512,???
2021-12-17 11:59:42,GUN,NORMAL,130/130/130/30,HG,91,MP-446,??
2021-12-17 11:59:42,GUN,NORMAL,130/130/130/30,SMG,21,PPSh-41,??
2021-12-17 12:24:46,EQUIP,HEAVY-1,500/500/500/500,TEXO,38,IOP T2 Exoskeleton,???
2021-12-17 12:24:48,EQUIP,HEAVY-1,500/500/500/500,HOLO,6,EOT 512,???
2021-12-17 12:24:49,EQUIP,HEAVY-1,500/500/500/500,CHIP,232,Experimental Processor,???
2021-12-17 12:49:20,EQUIP,HEAVY-1,500/500/500/500,OPTICAL,2,LRA 2-12x50,???
2021-12-17 12:49:23,EQUIP,HEAVY-1,500/500/500/500,REDDOT,10,AMP COMPM4,???
2021-12-18 00:35:54,EQUIP,HEAVY-1,500/500/1500/500,NIGHTEQUIP,14,PEQ-5,???
2021-12-18 00:35:56,EQUIP,HEAVY-1,500/500/1500/500,OPTICAL,2,LRA 2-12x50,???
2021-12-18 00:36:01,EQUIP,HEAVY-1,500/500/2000/500,CLOAK,88,Camouflage Cape,???
2021-12-18 00:36:05,EQUIP,HEAVY-1,500/500/2000/500,CLOAK,88,Camouflage Cape,???
2021-12-18 12:03:52,GUN,NORMAL,130/130/130/30,SMG,31,M38,??
2021-12-18 12:03:52,GUN,NORMAL,130/130/130/30,HG,99,Gr Mk23,????
2021-12-18 12:04:05,EQUIP,NORMAL,10/300/10/10,AP,17,M61 Armor-Piercing Ammo,??
2021-12-18 12:04:05,EQUIP,NORMAL,10/300/10/10,RMR,222,RMR Red Dot Sight,???
2021-12-18 12:04:05,EQUIP,NORMAL,10/300/10/10,ARMORPLATE,42,Type 1 Armor Plate,???
2021-12-18 12:04:05,EQUIP,NORMAL,10/300/10/10,AP,17,M61 Armor-Piercing Ammo,??
2021-12-18 12:04:12,EQUIP,HEAVY-1,500/500/500/500,CLOAK,89,Urban Camouflage Cape,????
2021-12-18 12:04:12,EQUIP,HEAVY-1,500/500/500/500,NIGHTEQUIP,14,PEQ-5,???
2021-12-18 12:04:12,EQUIP,HEAVY-1,500/500/500/500,HOLO,6,EOT 512,???
2021-12-18 12:04:12,EQUIP,HEAVY-1,500/500/500/500,NIGHTEQUIP,14,PEQ-5,???
2021-12-18 13:28:24,GUN,NORMAL,130/130/130/30,HG,12,C96,???
2021-12-18 14:47:24,GUN,NORMAL,130/130/130/30,HG,12,C96,???
2021-12-18 14:47:24,GUN,NORMAL,130/130/130/30,HG,14,Astra,???
2021-12-19 11:43:27,GUN,NORMAL,130/130/130/30,HG,2,M1911,??
2021-12-19 11:43:27,GUN,NORMAL,130/130/130/30,HG,168,Spitfire,????
2021-12-19 11:45:06,EQUIP,NORMAL,180/180/10/50,SUPPRESSOR,64,AC2 Suppressor,???
2021-12-19 11:45:06,EQUIP,NORMAL,180/180/10/50,HP,69,ILM Hollow-Point Ammo,??
2021-12-19 11:45:06,EQUIP,NORMAL,180/180/10/50,HP,71,ILM Hollow-Point Ammo,????
2021-12-19 11:45:06,EQUIP,NORMAL,180/180/10/50,CHIP,232,Experimental Processor,???
2021-12-19 11:45:19,EQUIP,HEAVY-1,500/500/500/500,FAIRY,2,Fury Fairy,?
2021-12-19 11:45:19,EQUIP,HEAVY-1,500/500/500/500,TEXO,39,IOP T3 Exoskeleton,????
2021-12-19 11:45:19,EQUIP,HEAVY-1,500/500/500/500,NIGHTEQUIP,14,PEQ-5,???
2021-12-19 11:45:19,EQUIP,HEAVY-1,500/500/500/500,CLOAK,89,Urban Camouflage Cape,????
2021-12-19 12:35:09,GUN,NORMAL,130/130/130/30,HG,3,M9,???
2021-12-19 12:35:47,GUN,NORMAL,130/130/130/30,HG,1,SAA,????
2021-12-19 16:26:31,EQUIP,HEAVY-1,500/500/500/500,HOLO,6,EOT 512,???
2021-12-19 16:26:31,EQUIP,HEAVY-1,500/500/500/500,REDDOT,10,AMP COMPM4,???
2021-12-19 16:26:31,EQUIP,HEAVY-1,500/500/500/500,XEXO,56,IOP X2 Exoskeleton,???
2021-12-19 16:26:31,EQUIP,HEAVY-1,500/500/500/500,REDDOT,10,AMP COMPM4,???
2021-12-19 17:12:53,EQUIP,HEAVY-1,500/500/500/500,HOLO,6,EOT 512,???
2021-12-19 17:12:53,EQUIP,HEAVY-1,500/500/500/500,CLOAK,89,Urban Camouflage Cape,????
2021-12-19 17:12:53,EQUIP,HEAVY-1,500/500/500/500,CHIP,232,Experimental Processor,???
2021-12-19 17:12:53,EQUIP,HEAVY-1,500/500/500/500,CHIP,232,Experimental Processor,???
2021-12-19 20:16:07,EQUIP,HEAVY-1,500/500/500/500,FAIRY,24,Barrier Fairy,?
2021-12-19 20:16:07,EQUIP,HEAVY-1,500/500/500/500,NIGHTEQUIP,14,PEQ-5,???
2021-12-19 20:16:07,EQUIP,HEAVY-1,500/500/500/500,RMR,222,RMR Red Dot Sight,???
2021-12-19 20:16:07,EQUIP,HEAVY-1,500/500/500/500,CHIP,232,Experimental Processor,???
2021-12-20 11:37:18,EQUIP,HEAVY-1,2000/500/2000/1000,HOLO,7,EOT 516,????
2021-12-20 11:37:22,EQUIP,HEAVY-1,2000/500/2000/1000,SUPPRESSOR,64,AC2 Suppressor,???
2021-12-20 11:37:25,EQUIP,HEAVY-1,2000/500/2000/1000,RMR,222,RMR Red Dot Sight,???
2021-12-20 11:37:27,EQUIP,HEAVY-1,2000/500/2000/1000,FAIRY,25,Twin Fairies,?
2021-12-20 22:42:04,EQUIP,SPECIAL_OFFER,180/180/10/50,HP,71,ILM Hollow-Point Ammo,????
2021-12-20 22:42:04,EQUIP,SPECIAL_OFFER,180/180/10/50,HP,70,ILM Hollow-Point Ammo,???
2021-12-20 22:42:04,EQUIP,SPECIAL_OFFER,180/180/10/50,HP,69,ILM Hollow-Point Ammo,??
2021-12-20 22:42:04,EQUIP,SPECIAL_OFFER,180/180/10/50,HP,70,ILM Hollow-Point Ammo,???
2021-12-20 23:45:22,EQUIP,SPECIAL_OFFER,180/180/10/50,HP,70,ILM Hollow-Point Ammo,???
2021-12-20 23:45:22,EQUIP,SPECIAL_OFFER,180/180/10/50,HP,69,ILM Hollow-Point Ammo,??
2021-12-20 23:45:22,EQUIP,SPECIAL_OFFER,180/180/10/50,HP,70,ILM Hollow-Point Ammo,???
2021-12-20 23:45:22,EQUIP,SPECIAL_OFFER,180/180/10/50,HP,70,ILM Hollow-Point Ammo,???
2021-12-21 00:26:30,EQUIP,NORMAL,180/180/10/50,HP,70,ILM Hollow-Point Ammo,???
2021-12-21 00:26:30,EQUIP,NORMAL,180/180/10/50,SLAP,228,Mk900 SLAP,????
2021-12-21 00:26:30,EQUIP,NORMAL,180/180/10/50,NIGHTEQUIP,13,PEQ-2,??
2021-12-21 00:26:30,EQUIP,NORMAL,180/180/10/50,TEXO,37,IOP T1 Exoskeleton,??
2021-12-21 11:48:39,EQUIP,NORMAL,180/180/10/50,RMR,222,RMR Red Dot Sight,???
2021-12-21 11:48:39,EQUIP,NORMAL,180/180/10/50,SLAP,229,Mk1000 SLAP,?????
2021-12-21 11:48:39,EQUIP,NORMAL,180/180/10/50,SUPPRESSOR,64,AC2 Suppressor,???
2021-12-21 11:48:39,EQUIP,NORMAL,180/180/10/50,HV,29,FMJ High-Velocity Ammo,??
2021-12-21 12:20:57,GUN,NORMAL,91/400/400/30,AR,262,EM-2,????
2021-12-21 12:20:57,GUN,NORMAL,91/400/400/30,AR,62,Gr G41,?????
2021-12-21 12:21:01,GUN,NORMAL,91/400/400/30,AR,61,StG44,???
2021-12-21 12:21:01,GUN,NORMAL,91/400/400/30,SMG,94,Type64,??
2021-12-21 12:46:23,EQUIP,NORMAL,180/180/10/50,HP,71,ILM Hollow-Point Ammo,????
2021-12-21 12:46:23,EQUIP,NORMAL,180/180/10/50,AP,18,M993 Armor-Piercing Ammo,???
2021-12-21 12:46:23,EQUIP,NORMAL,180/180/10/50,RMR,222,RMR Red Dot Sight,???
2021-12-21 12:46:36,EQUIP,HEAVY-1,500/500/500/500,NIGHTEQUIP,14,PEQ-5,???
2021-12-21 12:46:36,EQUIP,HEAVY-1,500/500/500/500,XEXO,56,IOP X2 Exoskeleton,???
2021-12-21 12:46:36,EQUIP,HEAVY-1,500/500/500/500,FAIRY,3,Armor Fairy,?
2021-12-21 12:46:45,EQUIP,NORMAL,180/180/10/50,HP,69,ILM Hollow-Point Ammo,??
2021-12-22 22:25:34,EQUIP,NORMAL,180/180/10/50,XEXO,57,IOP X3 Exoskeleton,????
2021-12-22 22:25:34,EQUIP,NORMAL,180/180/10/50,RMR,223,RMR T2 Red Dot Sight,????
2021-12-22 22:25:34,EQUIP,NORMAL,180/180/10/50,NIGHTEQUIP,13,PEQ-2,??
2021-12-22 22:25:34,EQUIP,NORMAL,180/180/10/50,SLUGSHELL,78,FST Slug,???
2021-12-22 23:37:26,EQUIP,NORMAL,180/180/10/50,HP,70,ILM Hollow-Point Ammo,???
2021-12-22 23:37:26,EQUIP,NORMAL,180/180/10/50,SLUGSHELL,78,FST Slug,???
2021-12-22 23:37:26,EQUIP,NORMAL,180/180/10/50,RMR,222,RMR Red Dot Sight,???
2021-12-22 23:37:26,EQUIP,NORMAL,180/180/10/50,HP,71,ILM Hollow-Point Ammo,????
2021-12-23 11:41:43,EQUIP,NORMAL,180/180/10/50,XEXO,55,IOP X1 Exoskeleton,??
2021-12-23 11:41:43,EQUIP,NORMAL,180/180/10/50,HV,29,FMJ High-Velocity Ammo,??
2021-12-23 11:41:43,EQUIP,NORMAL,180/180/10/50,AP,17,M61 Armor-Piercing Ammo,??
2021-12-23 11:41:43,EQUIP,NORMAL,180/180/10/50,HP,71,ILM Hollow-Point Ammo,????
2021-12-23 12:24:18,GUN,NORMAL,91/400/400/30,AR,58,AK-47,???
2021-12-23 12:24:26,EQUIP,NORMAL,180/180/10/50,CHIP,232,Experimental Processor,???
2021-12-23 12:24:27,EQUIP,NORMAL,180/180/10/50,AP,17,M61 Armor-Piercing Ammo,??
2021-12-23 12:24:28,EQUIP,NORMAL,180/180/10/50,HP,69,ILM Hollow-Point Ammo,??
2021-12-23 12:28:52,EQUIP,NORMAL,180/180/10/50,XEXO,55,IOP X1 Exoskeleton,??
2021-12-23 12:45:44,EQUIP,NORMAL,180/180/10/50,CHIP,232,Experimental Processor,???
2021-12-23 12:45:44,EQUIP,NORMAL,180/180/10/50,BUCKSHOT,74,#0 Buckshot,???
2021-12-23 12:45:44,EQUIP,NORMAL,180/180/10/50,TEXO,38,IOP T2 Exoskeleton,???
2021-12-23 22:22:58,EQUIP,NORMAL,180/180/10/50,AP,17,M61 Armor-Piercing Ammo,??
2021-12-23 22:22:58,EQUIP,NORMAL,180/180/10/50,BUCKSHOT,74,#0 Buckshot,???
2021-12-23 22:22:58,EQUIP,NORMAL,180/180/10/50,AP,17,M61 Armor-Piercing Ammo,??
2021-12-23 22:22:58,EQUIP,NORMAL,180/180/10/50,NIGHTEQUIP,13,PEQ-2,??
2021-12-23 23:27:35,EQUIP,NORMAL,180/180/10/50,CLOAK,87,Ragged Cape,??
2021-12-23 23:27:35,EQUIP,NORMAL,180/180/10/50,SUPPRESSOR,64,AC2 Suppressor,???
2021-12-23 23:27:35,EQUIP,NORMAL,180/180/10/50,AP,18,M993 Armor-Piercing Ammo,???
2021-12-23 23:27:35,EQUIP,NORMAL,180/180/10/50,SUPPRESSOR,63,AC1 Suppressor,??
2021-12-24 01:19:52,EQUIP,NORMAL,180/180/10/50,HP,70,ILM Hollow-Point Ammo,???
2021-12-24 01:19:52,EQUIP,NORMAL,180/180/10/50,HP,70,ILM Hollow-Point Ammo,???
2021-12-24 01:19:52,EQUIP,NORMAL,180/180/10/50,SUPPRESSOR,63,AC1 Suppressor,??
2021-12-24 01:19:52,EQUIP,NORMAL,180/180/10/50,HV,30,JSP High-Velocity Ammo,???
2021-12-24 01:53:00,EQUIP,NORMAL,180/180/10/50,HP,69,ILM Hollow-Point Ammo,??
2021-12-24 01:53:00,EQUIP,NORMAL,180/180/10/50,SLUGSHELL,77,BK Slug,??
2021-12-24 01:53:00,EQUIP,NORMAL,180/180/10/50,RMR,224,RMR T4 Red Dot Sight,?????
2021-12-24 01:53:00,EQUIP,NORMAL,180/180/10/50,HP,69,ILM Hollow-Point Ammo,??
2021-12-24 02:12:25,EQUIP,NORMAL,180/180/10/50,TEXO,38,IOP T2 Exoskeleton,???
2021-12-24 02:12:25,EQUIP,NORMAL,180/180/10/50,HP,69,ILM Hollow-Point Ammo,??
2021-12-24 02:12:25,EQUIP,NORMAL,180/180/10/50,SLAP,228,Mk900 SLAP,????
2021-12-24 02:14:50,GUN,NORMAL,91/400/400/30,AR,63,Gr G3,??
2021-12-24 02:14:50,GUN,NORMAL,91/400/400/30,AR,58,AK-47,???
2021-12-24 02:14:57,GUN,NORMAL,91/400/400/30,AR,68,L85A1,??
2021-12-24 02:14:57,GUN,NORMAL,91/400/400/30,AR,63,Gr G3,??
2021-12-24 09:30:20,EQUIP,NORMAL,180/180/10/50,CHIP,232,Experimental Processor,???
2021-12-24 09:30:20,EQUIP,NORMAL,180/180/10/50,SUPPRESSOR,65,AC3 Suppressor,????
2021-12-24 09:30:20,EQUIP,NORMAL,180/180/10/50,HV,31,JHP High-Velocity Ammo,????
2021-12-24 09:30:20,EQUIP,NORMAL,180/180/10/50,HP,70,ILM Hollow-Point Ammo,???
2021-12-24 10:32:56,EQUIP,NORMAL,180/180/10/50,HV,29,FMJ High-Velocity Ammo,??
2021-12-24 10:32:56,EQUIP,NORMAL,180/180/10/50,AP,18,M993 Armor-Piercing Ammo,???
2021-12-24 10:32:56,EQUIP,NORMAL,180/180/10/50,BUCKSHOT,73,#1 Buckshot,??
2021-12-24 10:32:56,EQUIP,NORMAL,180/180/10/50,ARMORPLATE,43,Type 2 Armor Plate,????
2021-12-24 18:06:07,EQUIP,NORMAL,180/180/10/50,HP,69,ILM Hollow-Point Ammo,??
2021-12-24 18:06:07,EQUIP,NORMAL,180/180/10/50,HP,70,ILM Hollow-Point Ammo,???
2021-12-24 18:06:07,EQUIP,NORMAL,180/180/10/50,TEXO,37,IOP T1 Exoskeleton,??
2021-12-24 18:06:07,EQUIP,NORMAL,180/180/10/50,SUPPRESSOR,64,AC2 Suppressor,???
2021-12-24 21:08:47,EQUIP,NORMAL,180/180/10/50,HP,69,ILM Hollow-Point Ammo,??
2021-12-24 21:08:47,EQUIP,NORMAL,180/180/10/50,NIGHTEQUIP,13,PEQ-2,??
2021-12-24 21:08:47,EQUIP,NORMAL,180/180/10/50,CHIP,232,Experimental Processor,???
2021-12-24 21:08:47,EQUIP,NORMAL,180/180/10/50,CLOAK,88,Camouflage Cape,???
2021-12-24 21:50:12,GUN,NORMAL,522/320/404/137,SMG,27,Skorpion,???
2021-12-24 22:18:14,EQUIP,NORMAL,180/180/10/50,HP,70,ILM Hollow-Point Ammo,???
2021-12-24 22:18:14,EQUIP,NORMAL,180/180/10/50,HP,69,ILM Hollow-Point Ammo,??
2021-12-24 22:18:14,EQUIP,NORMAL,180/180/10/50,AP,17,M61 Armor-Piercing Ammo,??
2021-12-24 22:18:14,EQUIP,NORMAL,180/180/10/50,HV,30,JSP High-Velocity Ammo,???
2021-12-25 12:41:21,GUN,NORMAL,400/91/400/30,RF,41,SKS,??
2021-12-25 12:41:31,EQUIP,NORMAL,180/180/10/50,NIGHTEQUIP,13,PEQ-2,??
2021-12-25 12:41:31,EQUIP,NORMAL,180/180/10/50,HP,70,ILM Hollow-Point Ammo,???
2021-12-25 12:41:31,EQUIP,NORMAL,180/180/10/50,HP,69,ILM Hollow-Point Ammo,??
2021-12-25 12:41:31,EQUIP,NORMAL,180/180/10/50,HV,30,JSP High-Velocity Ammo,???
2021-12-25 12:42:01,GUN,NORMAL,400/91/400/30,AR,262,EM-2,????
2021-12-25 22:21:58,EQUIP,NORMAL,180/180/10/50,AP,17,M61 Armor-Piercing Ammo,??
2021-12-25 22:21:58,EQUIP,NORMAL,180/180/10/50,CHIP,232,Experimental Processor,???
2021-12-25 22:21:58,EQUIP,NORMAL,180/180/10/50,CHIP,232,Experimental Processor,???
2021-12-25 22:21:58,EQUIP,NORMAL,180/180/10/50,ARMORPLATE,42,Type 1 Armor Plate,???
2021-12-25 23:24:00,EQUIP,NORMAL,180/180/10/50,CLOAK,88,Camouflage Cape,???
2021-12-25 23:24:00,EQUIP,NORMAL,180/180/10/50,RMR,222,RMR Red Dot Sight,???
2021-12-25 23:24:00,EQUIP,NORMAL,180/180/10/50,AP,18,M993 Armor-Piercing Ammo,???
2021-12-25 23:24:00,EQUIP,NORMAL,180/180/10/50,CLOAK,87,Ragged Cape,??
2021-12-26 00:23:35,EQUIP,NORMAL,180/180/10/50,CHIP,233,#1 Processor,????
2021-12-26 00:23:35,EQUIP,NORMAL,180/180/10/50,SUPPRESSOR,64,AC2 Suppressor,???
2021-12-26 00:23:35,EQUIP,NORMAL,180/180/10/50,HP,70,ILM Hollow-Point Ammo,???
2021-12-26 00:23:35,EQUIP,NORMAL,180/180/10/50,NIGHTEQUIP,13,PEQ-2,??
2021-12-26 00:49:26,EQUIP,NORMAL,180/180/10/50,TEXO,37,IOP T1 Exoskeleton,??
2021-12-26 00:49:26,EQUIP,NORMAL,180/180/10/50,NIGHTEQUIP,14,PEQ-5,???
2021-12-26 01:42:59,EQUIP,NORMAL,180/180/10/50,SLUGSHELL,77,BK Slug,??
2021-12-26 01:42:59,EQUIP,NORMAL,180/180/10/50,XEXO,57,IOP X3 Exoskeleton,????
2021-12-26 01:42:59,EQUIP,NORMAL,180/180/10/50,TEXO,39,IOP T3 Exoskeleton,????
2021-12-26 01:42:59,EQUIP,NORMAL,180/180/10/50,HV,31,JHP High-Velocity Ammo,????
2021-12-26 12:25:31,EQUIP,NORMAL,180/180/10/50,XEXO,57,IOP X3 Exoskeleton,????
2021-12-26 12:25:31,EQUIP,NORMAL,180/180/10/50,HP,71,ILM Hollow-Point Ammo,????
2021-12-26 12:25:31,EQUIP,NORMAL,180/180/10/50,ARMORPLATE,43,Type 2 Armor Plate,????
2021-12-26 12:25:31,EQUIP,NORMAL,180/180/10/50,HP,69,ILM Hollow-Point Ammo,??
2021-12-26 21:57:19,EQUIP,NORMAL,180/180/10/50,HV,29,FMJ High-Velocity Ammo,??
2021-12-26 21:57:19,EQUIP,NORMAL,180/180/10/50,TEXO,37,IOP T1 Exoskeleton,??
2021-12-26 21:57:19,EQUIP,NORMAL,180/180/10/50,XEXO,57,IOP X3 Exoskeleton,????
2021-12-26 21:57:19,EQUIP,NORMAL,180/180/10/50,ARMORPLATE,42,Type 1 Armor Plate,???
2021-12-26 22:43:50,EQUIP,NORMAL,180/180/10/50,SUPPRESSOR,63,AC1 Suppressor,??
2021-12-26 22:43:50,EQUIP,NORMAL,180/180/10/50,HP,70,ILM Hollow-Point Ammo,???
2021-12-26 22:43:50,EQUIP,NORMAL,180/180/10/50,CLOAK,88,Camouflage Cape,???
2021-12-26 22:43:50,EQUIP,NORMAL,180/180/10/50,ARMORPLATE,43,Type 2 Armor Plate,????
2021-12-26 23:34:33,EQUIP,NORMAL,180/180/10/50,CLOAK,87,Ragged Cape,??
2021-12-26 23:34:33,EQUIP,NORMAL,180/180/10/50,HV,30,JSP High-Velocity Ammo,???
2021-12-26 23:34:33,EQUIP,NORMAL,180/180/10/50,FLARE,225,Signal Flare,?????
2021-12-26 23:34:33,EQUIP,NORMAL,180/180/10/50,SUPPRESSOR,64,AC2 Suppressor,???
2021-12-27 00:05:33,EQUIP,NORMAL,180/180/10/50,CHIP,232,Experimental Processor,???
2021-12-27 00:05:33,EQUIP,NORMAL,180/180/10/50,HP,70,ILM Hollow-Point Ammo,???
2021-12-27 00:05:33,EQUIP,NORMAL,180/180/10/50,CHIP,234,#2 Processor,?????
2021-12-27 01:35:05,EQUIP,NORMAL,180/180/10/50,HP,71,ILM Hollow-Point Ammo,????
2021-12-27 01:35:05,EQUIP,NORMAL,180/180/10/50,SUPPRESSOR,64,AC2 Suppressor,???
2021-12-27 01:35:05,EQUIP,NORMAL,180/180/10/50,HV,29,FMJ High-Velocity Ammo,??
2021-12-27 01:35:05,EQUIP,NORMAL,180/180/10/50,NIGHTEQUIP,13,PEQ-2,??
2021-12-27 11:39:06,EQUIP,NORMAL,180/180/10/50,SUPPRESSOR,64,AC2 Suppressor,???
2021-12-27 11:39:06,EQUIP,NORMAL,180/180/10/50,HV,29,FMJ High-Velocity Ammo,??
2021-12-27 11:39:06,EQUIP,NORMAL,180/180/10/50,AP,17,M61 Armor-Piercing Ammo,??
2021-12-27 11:39:06,EQUIP,NORMAL,180/180/10/50,TEXO,37,IOP T1 Exoskeleton,??
2021-12-27 12:39:30,EQUIP,NORMAL,180/180/10/50,HP,70,ILM Hollow-Point Ammo,???
2021-12-27 12:39:30,EQUIP,NORMAL,180/180/10/50,TEXO,37,IOP T1 Exoskeleton,??
2021-12-27 12:39:30,EQUIP,NORMAL,180/180/10/50,HP,71,ILM Hollow-Point Ammo,????
2021-12-27 12:39:30,EQUIP,NORMAL,180/180/10/50,SUPPRESSOR,63,AC1 Suppressor,??
2021-12-27 22:23:51,EQUIP,NORMAL,180/180/10/50,HP,69,ILM Hollow-Point Ammo,??
2021-12-27 22:23:51,EQUIP,NORMAL,180/180/10/50,NIGHTEQUIP,13,PEQ-2,??
2021-12-27 22:23:51,EQUIP,NORMAL,180/180/10/50,HP,69,ILM Hollow-Point Ammo,??
2021-12-27 22:23:51,EQUIP,NORMAL,180/180/10/50,RMR,222,RMR Red Dot Sight,???
2021-12-27 23:23:50,EQUIP,NORMAL,180/180/10/50,XEXO,56,IOP X2 Exoskeleton,???
2021-12-27 23:23:50,EQUIP,NORMAL,180/180/10/50,TEXO,39,IOP T3 Exoskeleton,????
2021-12-27 23:23:50,EQUIP,NORMAL,180/180/10/50,NIGHTEQUIP,13,PEQ-2,??
2021-12-27 23:23:50,EQUIP,NORMAL,180/180/10/50,RMR,224,RMR T4 Red Dot Sight,?????
2021-12-28 00:08:33,EQUIP,HEAVY-1,2000/500/2000/1000,OPTICAL,3,PSO-1,????
2021-12-28 00:08:33,EQUIP,HEAVY-1,2000/500/2000/1000,CLOAK,88,Camouflage Cape,???
2021-12-28 00:08:36,EQUIP,HEAVY-1,2000/500/2000/1000,OPTICAL,2,LRA 2-12x50,???
2021-12-28 00:08:39,EQUIP,HEAVY-1,2000/500/2000/1000,FAIRY,1,Warrior Fairy,?
2021-12-28 11:52:50,EQUIP,HEAVY-1,500/500/500/500,TEXO,38,IOP T2 Exoskeleton,???
2021-12-28 11:52:50,EQUIP,HEAVY-1,500/500/500/500,REDDOT,10,AMP COMPM4,???
2021-12-28 11:52:50,EQUIP,HEAVY-1,500/500/500/500,REDDOT,10,AMP COMPM4,???
2021-12-28 11:52:50,EQUIP,HEAVY-1,500/500/500/500,FAIRY,2,Fury Fairy,?
2021-12-28 12:45:47,EQUIP,NORMAL,180/180/10/50,CLOAK,88,Camouflage Cape,???
2021-12-28 12:45:47,EQUIP,NORMAL,180/180/10/50,HP,69,ILM Hollow-Point Ammo,??
2021-12-28 12:45:47,EQUIP,NORMAL,180/180/10/50,HP,69,ILM Hollow-Point Ammo,??
2021-12-28 12:45:47,EQUIP,NORMAL,180/180/10/50,HV,29,FMJ High-Velocity Ammo,??
2021-12-28 22:22:41,EQUIP,NORMAL,180/180/10/50,HP,70,ILM Hollow-Point Ammo,???
2021-12-28 22:22:41,EQUIP,NORMAL,180/180/10/50,CLOAK,87,Ragged Cape,??
2021-12-28 22:22:41,EQUIP,NORMAL,180/180/10/50,HP,69,ILM Hollow-Point Ammo,??
2021-12-28 22:22:41,EQUIP,NORMAL,180/180/10/50,CHIP,232,Experimental Processor,???
2021-12-28 23:53:53,EQUIP,NORMAL,180/180/10/50,AP,19,Mk169 Armor-Piercing Ammo,????
2021-12-28 23:53:53,EQUIP,NORMAL,180/180/10/50,SUPPRESSOR,63,AC1 Suppressor,??
2021-12-28 23:53:53,EQUIP,NORMAL,180/180/10/50,SUPPRESSOR,64,AC2 Suppressor,???
2021-12-28 23:53:53,EQUIP,NORMAL,180/180/10/50,M1022AP,226,M33 Sniper Rounds,????
2021-12-29 00:48:06,EQUIP,NORMAL,180/180/10/50,SLAP,228,Mk900 SLAP,????
2021-12-29 00:48:06,EQUIP,NORMAL,180/180/10/50,HP,70,ILM Hollow-Point Ammo,???
2021-12-29 00:48:06,EQUIP,NORMAL,180/180/10/50,RMR,223,RMR T2 Red Dot Sight,????
2021-12-29 00:48:06,EQUIP,NORMAL,180/180/10/50,HP,71,ILM Hollow-Point Ammo,????
2021-12-29 23:30:56,EQUIP,NORMAL,180/180/10/50,AP,19,Mk169 Armor-Piercing Ammo,????
2021-12-29 23:30:56,EQUIP,NORMAL,180/180/10/50,AP,18,M993 Armor-Piercing Ammo,???
2021-12-29 23:30:56,EQUIP,NORMAL,180/180/10/50,SUPPRESSOR,63,AC1 Suppressor,??
2021-12-29 23:30:56,EQUIP,NORMAL,180/180/10/50,HP,70,ILM Hollow-Point Ammo,???
2021-12-30 00:57:11,EQUIP,NORMAL,180/180/10/50,HP,70,ILM Hollow-Point Ammo,???
2021-12-30 00:57:11,EQUIP,NORMAL,180/180/10/50,RMR,223,RMR T2 Red Dot Sight,????
2021-12-30 00:57:11,EQUIP,NORMAL,180/180/10/50,HP,70,ILM Hollow-Point Ammo,???
2021-12-30 00:57:11,EQUIP,NORMAL,180/180/10/50,AP,18,M993 Armor-Piercing Ammo,???
2021-12-30 01:29:02,EQUIP,NORMAL,180/180/10/50,ARMORPLATE,43,Type 2 Armor Plate,????
2021-12-30 01:29:02,EQUIP,NORMAL,180/180/10/50,NIGHTEQUIP,13,PEQ-2,??
2021-12-30 01:29:02,EQUIP,NORMAL,180/180/10/50,SUPPRESSOR,63,AC1 Suppressor,??
